id,text,label
random_18489,Бесят жлобы!,negative
random_19420,"я прекрасно понимаю что на мои посты нихера отвечать ни кто не должен...я их сам для себя хуярю и не на что не надеюсь...вобщем протележу в очередной раз...сегодня одна тётка увидев мою несвежую морду сообщила ""я бы затакого свою дочь бы не отдала""..я ей озвучил примерно десяток вопросов)...уложились мы с ней в две станции метро...1 - я тут едя в метро вообщето не на выдане себя позиционирую а как бы на работе находясь))...2е - я ни одним глазом ещё не видел все ответы на мои молитвы...тобеш вашу дочь)...и вовсе не известно ктоб кого выбирал...3-е...тёща попалась такая, что похеру как выглядит дочь...её лучше не трогать...и дочь и мать)...4-е...с какого хуя она вообще решила что меня интерересует сейчас чьято дочь)...мы все чьито сыновья и дочери ...и что с того?",negative
random_08350,"Разве можно сидеть дома, когда в мире есть такие двери? 

Двери Бамберга и Ротенбурга",neutral
random_08199,новый рисунок | model - [id27103833|Яна Берман],neutral
random_12823,как называть подписчиков,neutral
random_17976,Наша группировка😎,neutral
random_12459,Вано учись ;))),neutral
random_04312,"самый божественный и неземной трек 2010!!! 
просто таю))",positive
random_06915,мзфк надо кота идти кормить!((  А сколько коты могут не есть?,neutral
random_16471,Ура!!! Первая медаль сборной России!!! Ольга Граф в конькобежном спорте на дистанции 3000 м. вырвала бронзу!!!,positive
random_02078,сучька ты Машка!!!,negative
random_13769,"Самое приятное – это когда хорошего не ждешь, а оно берет и случается.",positive
random_14087,"Я победитель!

УРА! Я занял 74977 место в главном крысином турнире и выиграл кучу клёвых призов! Готов посоревноваться со мной?",neutral
random_03378,"Это каким нужно быть мудаком, чтобы врубить в 7 утра Кадышеву и гонять ее на весь подъезд до сих пор???",negative
random_06800,"116.04.25.8. Можно убежать хоть на луну, только толку с этого?! От себя не убежишь.",negative
random_20159,Я сделал себе аватар в этом приложении,neutral
random_08904,"Эти ты еще не слышала, атвичяю :3",neutral
random_09631,"Меня не посадили,я живой!Занят,дела нормально!",positive
random_01284,Я и мое милое солнце))*****,positive
random_16416,"работаю в ""Газпроме"")) -все четко, нравится!!",positive
random_11912,Ах Генри Форд зачем же ты придумал коневеер (((,negative
random_03329,"ой, ребята ) да мы умнички ))**",positive
random_10921,Новый ХИТ Евровидения!,neutral
random_03733,Ты стал дохуя байкером или показалось ?,negative
random_05836,"ботаник детектед :D
 меня пробило на флуд :3",neutral
random_15161,"Еще один год пролетел безвозвратно,
Его проводили мы вместе с тобой.
Мне рядом с тобою легко и приятно,
В глазах твоих вижу простор голубой.

Наташка, Наташка, я словно мальчишка,
В тебя, дорогая, влюблён.
Наташка, Наташка, такая интрижка-
Твоей красотою пленён.

И сколько бы не было прожито вёсен,
Тебя все равно я люблю.
Для нас наступила прекрасная осень.
Я каждый её миг ловлю.

Наташка, Наташка, я словно мальчишка,
В тебя, дорогая, влюблён.
Наташка, Наташка, такая интрижка-
Твоей красотою пленён.",positive
random_03117,а как те эта?)))),neutral
random_15231,"Операция прошла успешно. 😊 
Пациент передает всем привет и спасибо.
Следующая операция в начале следующей недели.

п.с. Аппетит у человека проснулся зверский. 😉",positive
random_09460,"Каждый раз, когда ты отдаляешься от одной проблемы, ты приближаешься к другой.",negative
random_04696,"МАКСИМАЛЬНЫЙ РЕПОСТ! 

В наше агентство шоу-форумов Prime Time требуется Истинный Гений Дизайна! 

Кстати! Если по Вашей рекомендации мы наймем дизайнера, то вы получите бесплатно билет 3 наших события:
Российскую Неделю Рекламы 
Российскую Неделю Продаж 
Российскую Неделю Менеджмента ",neutral
random_08027,Час до премьеры.... Мандраж... Такой знакомый и такой желанный... ))),positive
random_05214,дернуть бы куда из депрессии.,negative
random_08504,"Женя, хочу познакомить тебя со своей подругой! Она тебе понравится. Узнай кто это: ",neutral
random_13175,"Это был самый лучший отряд!:) Спасибо вам, ребята!:)",positive
random_04343,это так смешно)))),positive
random_02363,"Говори то, что думаешь.Близкие - поймут.Лишние - уйдут.",neutral
random_02837,тебе фантик))))),neutral
random_18219, кто хочет за 3 дня на 3 заработать 28 000 ? Работать надо маляром.,neutral
random_20938,У вас есть final fantasy 13 запечатанная?,neutral
random_17857,"Отличная погода для прогулок 🌞 Тёмка насмотрелся на лыжников и бордистов ⛷🏂, накопался в снегу и проспал всю дорогу туда и обратно😴 @ Иня, Горнолыжный Комплекс",positive
random_06221,это точно),neutral
random_19939,"Что-то жопа у вас,собирался приехать сегодня,но предумал,увидев заваленные по крышу машины xD",negative
random_03010,Дедушки-пенсионеры),neutral
random_01768,Расти Бицуха! Расти!,neutral
random_06880,Без второй совы скучно(,negative
random_15240,Как это ты В контакт попал!?,neutral
random_19076,"Ехал в маршрутке вчера. Наша 64-я подрезала на остановке 29-ю. Остановились, смотрю, выходит водитель из 29-й, думаю, сейчас начнется ругань-перебранка на отеческом. А прошло все очень цивильно, хоть и на повышенных тонах. Ни одного матершинного слова.",positive
random_11285,самые крутые из этого топа :Р,positive
random_00481,"Второй вечер подряд со мной Гарри Поттер!:3
Oh, my God! I'm happy!! ^^",positive
random_08582,"Сегодня умрёшь, завтра скажут - поэт!.. (с) ЧайФ",neutral
random_14256,На новых территориях Москвы боятся «понаехавших»,neutral
random_15143,"Ну вот, собствнно",neutral
random_06518,Мне сегодня подарили телефон просто так 😊🙏,positive
random_03390,"""с 1 июня 2014 года сигареты перестанут продавать в киосках, в кафе и ресторанах не будет залов для курящих, покурить больше не удастся и на территории гостиниц, платформах электричек, рынках и многих других людных местах. Сумма штрафа достигнет 1,5 тыс. рублей."" 
Неужели и правда можно будет свободно заходить в кафе, не натыкаясь на вонючих дымящих свиней?! Скорей бы лето)))",positive
random_20537,Помогу отправить вещи родным и близким в города России,neutral
random_19552,beautycycle Земля: Система средств для восстановления баланса кожи,neutral
random_04104,Джентельмены! Тир это прекрасно!))),positive
random_07761,Побудь дома)),neutral
random_13734,"Давайте, петушки, победите :)",positive
random_07520,И так! Помидоры с сахаром - это нормально?,neutral
random_05574,"слёзы мои,капайте вниз....боль моя сожри меня.....печаль моя соси хуя.....вера моя ,веди меня......жизнь моя-сожги меня",negative
random_02688,не надо меня поздравлять с сегодняшним праздником я мусульманин))),neutral
random_20878,"История одного чеченца, которого даже пытки не сделали боевиком

Очень много букв, но время потратить стоит. Демотиваторы утверждают, что эту страну не победить, а я думаю - она сама себя уже победила. Этой стране не выжить",negative
random_01270,Тебя марина за такие картинки опять отлупит!!! камикадзэ херов))),negative
random_16633,Павел Воля))),neutral
random_20198,"ну вот все, даже ИСТОРИЯ ЯЗЫКА не смогла устоять перед моим обоянием)))",positive
random_17913,На улице какая-то нереальная печалька),negative
random_19403,чем бы заняться !,neutral
random_14846,малиновый орбит,neutral
random_07195,А вот и весна.,positive
random_20871,по олдскулу),neutral
random_02965,Довыебывался.,negative
random_13914,"Уезжаю в хмельницкий,буду в пятницу",neutral
random_14073,что у тебя случилось почему гипсован?(,negative
random_10691,"Цель № 29 ,,Пробежать 10 км,, реализована!",positive
random_18739,"Пускай лучше будет стыдно утром, чем скучно вечером...",neutral
random_01048,"МИЛЫЕ ДЕВУШКИ ОГРОМНЫЙ ВЫБОР ТОВАРА, 
ОТПРАВКА 4 РАЗА В НЕДЕЛЮ, 
ДОСТАВКА НОВОЙ ИЛИ УКР ПОЧТОЙ
ПОСТОЯННОЕ ОБНОВЛЕНИЕ ТОВАРА И АКЦИИ!!!!!!!!

      ",neutral
random_11339,берлин зовёт !!!! самый лучший фильм!,positive
random_11153,Забытые имена. Глава 189. Napier. Часть 1,neutral
random_20132,"Театр уж полон, ложи блещут @ Большой театр / Bolshoi Theatre ",neutral
random_21184,"невозможно обижаться на человека,который заставляет улыбаться..*♥",positive
random_16441,Всегда готов! ,neutral
random_01709,"Сеанс связи Оксфорд- Краснодар. Люблю тебя, киса.",positive
random_07176,"Хотел подарить себе на Старый Новый год приличный скутер, но пока даже выбрать толком не смог. От вариантов с китайцами постепенно перешел к дорогим корейцам и японцам: на кону Kymco и Suzuki (по 125сс). Хотя морально сложновато решиться на такие траты...",neutral
random_01744,"Когда нет друзей, день рождения отмечают в ночном клубе.
 Фредерик Бегбедер",neutral
random_16123,"Мир невесомых слов, очень глупых людей.",negative
random_01133,вот это я понимаю😉,positive
random_13524,<----Это просто не реально....,neutral
random_01427,Говорухин однако заговорился ужО......,negative
random_15159,"Концерт ""Lumen""-это сейчас то,что позволяет мне двигаться вперед!",positive
random_01930,"Я хочу духи с запахом счастья, тушь цвета радости и крем с ощущением любви!",positive
random_10285,Ништяк клипак?,neutral
random_03941,"Сергей, узнай всю правду о себе здесь:
 ♥♥♥  ♥♥♥",neutral
random_10382,СРОЧНО НУЖНО НА ПОНЕДЕЛЬНИК 10 ЧЕЛОВЕК НА ЗАВОД ЭЛЕКТРОЛЮКС!!!!!!!!!!!!!,neutral
random_10813,вот она)))),neutral
random_13329,Смотреть онлайн Ночь страха (2011) бесплатно без регистрации,neutral
random_11949,"Сем остановок молча, под проливным дождём...Наблюдая, за серым городом чего-то ждём.",neutral
random_03901,"Демотиваторы, часть 203. (89 фото) , фото # 34",neutral
random_15636,Летние ночи),positive
random_10713,МудылО ты де?:D,negative
random_10879,Брильянтова рука😆😂😎😎selfie😱,neutral
random_14539,моя рыбка :*,positive
random_06813,вид с горы на наш отель,neutral
random_14344,"Как сообщает анонимный источник, в Бресте был замечен Гарик Сукачев #новостиБреста",neutral
random_16743,Так вот ты какой - настоящий Литтл Рок!,neutral
random_16898,"Ты очень похож на Брюса Уиллиса! А на кого похож я? - 
",neutral
random_11457,хотелось бы)),positive
random_00072,Я поссал на первый снег =DDя собой теперь доволен =DD пхахахаххаха))**,positive
random_07147,Нахуй тебе кот зеленого цвета?,neutral
random_10838,"261 ГРУППА, ВНИМАНИЕ!!! вот требования по практике!
18 июня всем в университет - защита практики!!!",neutral
random_06300,дааааааааааааааааааа=))),positive
random_04620,смотри фул скрин),neutral
random_08996,"Когда скучаешь по близкому человеку, любая мелочь напоминает о нем.",positive
random_11757,вот в чьом соль,neutral
random_17701,"Кукуськи, мои любимые))* Люблю вас))*",positive
random_09153,Задай мне вопрос | ask.fm/Gover1488,neutral
random_03868,Фаенза вообще крутяк такой!,positive
random_09291,"Недавно проводился конкурс на случшую схему московского метрополитена (появится в метро с конца февраля) и уж честно или не честно, но победила студия Лебедева. И должен признать, увидев её - я в восторге. Замечательная карта - всё понятно, красиво, аккуратно, стильно. Даже есть версия 2, на которой прорисованы парки и достопримечательности. Просто супер. Прям даже хочется на метро разочек проехать, чтобы её увидеть и выбрать в какой парк поехать =)",positive
random_04323,Собака-гостейодобряка,neutral
random_09855,куплю 5 труб,neutral
random_19169,"Ну, дождались, Тема? :)",neutral
random_10933,Лучше меня может быть только моя дочь.,neutral
random_16876,"Вот так тебе)))
",neutral
random_10000,вот что мы делаем когда ты уходишь на работу)))),neutral
random_05166,Это про меня,neutral
random_12485,Завтра утром в ЕРГАКИ :),neutral
random_00851,"Очевидно, что это невероятно! СамЭц!",positive
random_18077,[Депрессия - это когда в фильмах ужаса начинаешь болеть за маньяков!],neutral
random_05852,будем творить ))),neutral
random_09705,"Дорогие друзья, есть ли ВК какая-нибудь группа рыбинского фри-маркета? Есть желание пристроить несколько вещиц.",neutral
random_00367,Грустный КПИшный ёжик 😞,negative
random_01230,"Мне не нужен идеальный,мне нужен ты вредный,ревнивый но такой любимый:*",positive
random_09206,Как тебе тачилик??:D,neutral
random_21180,"удивительно,но в природе есть человек очень похожий на меня",neutral
random_11302,втыкай=)паскуда),neutral
random_13743,"Коробочка № [id269854455|Стёпа Иванов] 
 Александр Кондратчук
[id15640796|Екатерина Филимонова]",neutral
random_16675,"только тут ошибочка!правильно..забавная!)
",positive
random_09210,Читать всем :-),neutral
random_16931,"сказка ложь, да в ней намёк....... )",neutral
random_14289,ахаха) что то с чемто)),positive
random_07244,"История американского боксёра-профессионала, чемпиона мира в тяжёлом весе Чарльза «Сонни» Листона, который был нокаутирован знаменитым «призрачным ударом» Мохаммеда Али на второй минуте первого раунда матча-реванша.",neutral
random_13213,"ВНИМАНИЕ-ВНИМАНИЕ!
срочно продам 
шикарнейшие ботинки ASOS ARTICLE Chelsea Ankle Boots
НОВЫЕ с коробкой. ни разу не обувались.
заказаны себе, не подошёл размер
покупались за 500 грн, отдам за 450! потому что очень срочно..
размер 5/38, по стельке 24,5-25 см.
они очень крутые))",neutral
random_07342,блин а я ваще хз что на тебя пейса тебе кинуть),neutral
random_18849,Беспечное время,positive
random_16565,зачем топтать мою любовь,negative
random_18303,"Всем человекам физкульт привет!!!! Всем майдано-даунам физкульт пока!!!!
Было сегодня чего интересное? 
На что внимание обратить? 
Весь день по работам аки трактор, ничего не видел (((",negative
random_03671,Как стемнеет-будем брать!,neutral
random_10325,"Расписание таково на понедельник: если учитывать что сейчас числитель, то нам к 13-45 (к 4ой паре). будет 3 пары.
1ая лаба Практикум по бух учету 3к. ауд. 103; 
2ая пара это лек. Учет затрат калькул и бюдж в отд отрасл произв сферы 3к. ауд. 102; 
3ья пара это лаба Учет затрат калькул и бюдж в отд отрасл произв сферы",neutral
random_09614,"Нет ничего ПРИЯТНЕЕ теплой ладошки ребенка в твоей руке,ВОСХИТИТЕЛЬНЕЕ его сонных глазок по утру,ЗАРАЗИТЕЛЬНЕЕ смеха,НЕЖНЕЕ поцелуя,ДОРОЖЕ ожерелья из его ручек вокруг шеи...И ничего нет искреннее чем слова маленького человечка:""Я ЛЮБЛЮ ТЕБЯ МАМОЧКА!!!""",positive
random_12946,для того чтобы понравиться мужчине накрутите на палец белой херни колечками и используйте приём орального проникновения.,neutral
random_10969,Ахахахахаах бляяяяяя!!)))) Хд,positive
random_14051,Селфи с любимым парикмахером💇💅👯👍🏻,positive
random_13240,"Когда-нибудь тебе внушат, что о твою доброту вытирают ноги. Не верь. Оставайся добрым. Ведь добро — это просто, и оно спасает мир.",positive
random_13266,Мерзкий городишко Растрелли и Росси..,negative
random_01183,Скоро кто-то родится)))))),positive
random_00022,"
Рекомендую смотреть это видео, раскрыв на весь экран, указав хорошее качество HD в плеере youtube и в наушниках )) Фоновый голос: Флигинских Александр.",neutral
random_18604,"9 СОВЕТОВ ТРИДЦАТИЛЕТНИМ ОТ ТЕХ, КОМУ ЗА 40 | thePO.ST",neutral
random_13885,"+3 твоей фотографии!
",neutral
random_01787,ахахах у меня на компе есть все эти папки),positive
random_14017,Цыган- христианин,neutral
random_00286,"Говорят, у людей с холодными руками теплое сердце.",neutral
random_11946,Медицина поистине есть самое благородное из всех искусств.,positive
random_12343,Весело проходят первые дни лагеря,positive
random_02124,"Съемка одежды для классного дизайнера Елены Скромной 
Модель Ксения Усик ",neutral
random_00591,"выходные прошли => пора мечтаний, планов, целей => самовольно втягиваюсь в рутину => мда.",negative
random_02223," 
 вертолеты ООН на Востоке Украины",neutral
random_09908,"может я не с этой планеты?? почему я не могу многое понять и смириться?? почему я не могу просто молчать? молчать и терпеть. закрыть глаза и представить, что всё хорошо.
черт. никому не нужно это моё унылое гавно из головы. молча. нужно учиться жить молча. и, главное, не думать. не думать...думать не...",negative
random_18701,"Освистывать Жиркова - свинство, господа националисты!",negative
random_11706,аххахахаххахахахахаххахаха)*,positive
random_04315,Игорь Растеряев-Казачья песня,neutral
random_08729,Электрическая грелка со скидкой 50%,neutral
random_19708,"Сергей, я хочу познакомить тебя с симпатичной девушкой!
",positive
random_19761,Во дворе прям совсем лето..,positive
random_08393,Очень Любишь Танцевать!? Люби и Обувь Починять! :))),neutral
random_14543,Сезон открыли!,positive
random_01338,я с тобой больше пить не буду,negative
random_15447,"любимые мои!
самые самые!",positive
random_04085,"Мама уже в аэропорту, скоро вылет... снова один =(",negative
random_14581,"Мне холодно. Днем выпросил у друга хорошую кофту и в ней достаточно спокойно прокрутил педали через весь город. Были рваные дерганья ветра и случайные проблески солнца, а я неспешно накручивал свой путь через неприветливый понедельник. 
А еще мы пили днем горячий чай, а к вечеру я собрал кое-какой ужин, но всё равно мне холодно. Да, а еще я купил себе новые кроссовки, хотя это мало влияет на утепление. Просто к слову. Потому что без слов мне холодно. Мне не согреться.",negative
random_16632,Вариация на тему Suffer bitch. Выживал и монтировал самостоятельно.,neutral
random_04829,Вальс цветов,neutral
random_06450,"Блииин,долго еще этот ужасный ветер будет??скоро крышу дома снесёт...",negative
random_08724,"Друзья! Нужен пищевой технолог или человек работающий на пищевом производстве. Если есть у кого в знакомых сообщите пожалуйста, очень поможете.",neutral
random_16688,"ЦСКА - КУБАНЬ - 1:1 (0:0). 
ЦСКА - дрыщииии",negative
random_06058,В Тамбове ЖАРА!!!В Тамбове ЖАРА!!!,positive
random_09226,прыгайте!!!,neutral
random_12105,Хоть молотком долби по моим железным нервам! ;-),neutral
random_01097,Фишка в том что первый тащит второго на жесткой сцепке вдобавок))))))),neutral
random_14423,выбирай)))),neutral
random_11342,"""Во мне просыпается та самая девочка-подросток, только раскрученная на бессонность 80 уровня. Оказывается, когда уже нет выбора: спать или не спать всю ночь, особенно, когда нечаянно одна, очень хорошо делать эту единственно возможную... бессоницу под Земфиру.""",neutral
random_00425,Прям про тебя )),neutral
random_09676,ты только глянь :)),neutral
random_18163,самы самые:*,positive
random_03926,"Мать, ты еще раз стала мамочкой)))??",neutral
random_02985,"Зая, не грусти!!! Всё будет хорошо!!! Я тебя не брошу.. ))",positive
random_04823,Тоже вариант.,neutral
random_14339,Только у футболистов самые красивые девушки ©,neutral
random_12756,"Песня из фильма  ""Ярослав. Тысячу лет назад """,neutral
random_07445,Credex открывает дверь в территорию больших возможностей для каждого человека не зависимо от его социального статуса и прочих факторов!,neutral
random_16125,Больше ничего не хотите?,neutral
random_20116,тебе для поднятия настроения солнышко**))))),positive
random_02584,А мне больше третий фильм понравился=)))))))))))))),positive
random_07247,вот такое настроение,neutral
random_12624,уволили  так уволили)),neutral
random_18296,Мой подарок мужу,neutral
random_17388,Где Динамо? Где?,neutral
random_01634,Не ждите чуда. Чудите сами!,positive
random_11649,"бред, безумие. схожу с ума.
 по мне психушка плачет.",negative
random_06308,пхахаха))) наслаждайся) ты такое любишь),positive
random_12602,Илья и Татьяна.,neutral
random_04886,Люблю тебя)*,positive
random_21122,я дома :-Р,positive
random_13526,"Мы привязаны не к контакту , а к тем людям , ради которых сюда заходим.",neutral
random_09297,я вернулся)))),positive
random_02130,простите меня за всё),neutral
random_03927,"Кругом обман,кругом обман.Уйду в туман,уйду в туман...)))",negative
random_05587,какая  линия ?,neutral
random_03804,Сапрон. Мы малые. 1 февраля 2012.,neutral
random_06604,БЕЗ СЛОВ...,neutral
random_10731,Сейчас на ужин приготовлю себе севрюгу и бокал Prosecco spumante))))),positive
random_02806,"Если стоит выбор между «да»
или «нет», то «да»! Сделайте
это. Поцелуйте, обнимите,
догоните, встретьтесь, скажите.
И пусть выйдет ерунда, зато
хоть попытались.",neutral
random_15566,Сын у меня родился!!!,positive
random_15411,"▼ Я всегда буду
твоим поводом
напиться.",neutral
random_01121,Только одна измена достойна уважения — измена своим принципам ради близкого человека.,positive
random_01811,Скандальная правда о Макдональтс =Р,neutral
random_12092,Причина по которой не стоит спать ночью!!,neutral
random_05326,"ПИВКА НИКТО ПОПИТЬ НЕ ХОЧЕТ?
С МЕНЯ БУРГЕРЫ ВЫСОКОКЛАССНЫЕ!",positive
random_01706,"Я понимаю, что я пиздец какой тормоз, но почему все друг друга оскорбляют? :CCC 
З.Ы. немного милого и естественного",negative
random_01191,"Этот замечательный голос умирает от рака. 
Помогите ей! Все реквизиты в их группе
",negative
random_11209,Что наша жизнь - Ван Гог #импрессионизм #эрмитажнаотдыхе  @ Город Выборг.,neutral
random_06838,Однако!)Тем ли я занимаюсь?),neutral
random_12871,"[id16175271|Вероника], давай лучше с нами в феврале на 4 дня! )) выезд 12.02 возвращаемся 17.02, бюджет 2500грн на все про все)",neutral
random_01828,"Вот это я понимаю, реконструктор чувак! :))",positive
random_07144,А поутру они проснулись - кругом помятая трава. Тут не одна трава помята - п..здец УкрАины судьба.,negative
random_14978,aхуеть теперь.,negative
random_02537,антизанижение)))),neutral
random_19036,Ильюха вон магазин ваш рекламирует в москве),neutral
random_04396,аааааааааааааааааааааааааааааааааааааааааааааааааааааааааааааааааааааааааааааааааааааааааааааааааааааааааааааааааааааааааааааа нету денег на телефоне,negative
random_06144,С братухой))),neutral
random_16662,все ништяк!,positive
random_02829,Я занял первое место среди друзей на Уровень 104!,positive
random_15278,Русская линия / Новости / «Антицерковные силы опасаются усиления Православия в стране»,neutral
random_18420,А с чего у вас начинается охуенный вечер?)),positive
random_16832,":)))!!!
☆Отправлено через ",neutral
random_19460,я сегодня добрая,positive
random_20278,В последнее время у тебя одни глупые репосты.,negative
random_20831,У кого будет все хорошо???)))),positive
random_09441,смотри какой),neutral
random_19487,оп такой ништячек после работы :),positive
random_01928,"Вегетарианцы среди великих и знаменитых людей: Альберт Эйнштейн, Леонардо да Винчи, Махатма Ганди, Лев Толстой, лорд Байрон, Бернард Шоу, Майкл Джексон, Джаред Лето, Антонио Гауди, ""Битлз"", Пол Маккартни, Ричард Гир, Бред Питт, Майк Тайсон, Натали Портман, Ума Турман, Памела Андерсон, Деми Мур, Томас Эдисон, Брайан Адамс, Билл Клинтон, Леонардо ди Каприо..... и это только единицы..!",neutral
random_20389,"А отвечу я Zaz, неожиданно открыл для себя в этом году...",neutral
random_11366,Мои любимки*,positive
random_19949,От братика 😎,neutral
random_05007,МИД Украины: выполнение Минских соглашений — это возвращение Донбасса | Сводки и новости Новороссии,neutral
random_18947,Уже бабочки проснулись! Весна очень близко!,positive
random_19012,Немного отдыха и разминка внимательности  в пятничный денек.,neutral
random_17103,Снится ли нанороботам сингулярность?,neutral
random_20356,"Сделайте мне полку, господа)",neutral
random_08864,пью водку и хорошо....),positive
random_11344,сейчас у нас время блюза),neutral
random_00074,Искусство моей сестренки!!!,neutral
random_03188,Это мой друг ярик,neutral
random_05900,Алесь Зайка или Александр Васильев,neutral
random_09249,Сегодня в Пача Маме разговариваем о медиа и рекламе. Приглашаю всех :),neutral
random_05502,капыць)) -реклама тонального крема)))))),neutral
random_04380,Вот эту буду учить) аккорды простые),positive
random_01246,"ОН ТОТ,про кого Я некогда несмагу сказать ''бивший''...",negative
random_06349,как то так..,neutral
random_03539,"А в каком месяце родился ты?

Май

Очень
сексуален-любит это дело. Активный и динамичный. Решительный, но часто 
сожалеет о своей горячности. Привлекательный. Сильный менталитет. Любит 
внимание. Дипломатичный. Утешает людей, и решает их проблемы. Смелый и 
бесстрашный. Обычно у него много друзей. Эмоциональный. Упрямый. Хорошая
память.",positive
random_05043,Что делаете Коты ? :-),neutral
random_19718,Позитив)))),positive
random_07068,ыть=))нравится мине так))немагу прям,positive
random_15421,"Привет, Серег! Вы хоть знаете. что у нас новый министр обороны?! Сердюкова сняли, теперь Шойгу.................))))",neutral
random_06056,Руся с михой в старости),neutral
random_13423,К Нам Приходит Праздник....,neutral
random_10050,В какой ипаной комедии была эта песня??,neutral
random_05546,как то так...,neutral
random_14006,а она любит моего лучшего друга...,neutral
random_14183,Х А Р А Ш О,positive
random_06122,На 👠 нах и в охуительных 👖,neutral
random_10290,"Портрет Девушки в красном сейчас в здании Администрации г. Челябинска - пл.Революции, 2 - на выставке члена Союза художников Бутаковой А.В. )",neutral
random_14388,понравился сегоднешний вечер?),neutral
random_20703,"Я не могу жить и работать, пока в интернете есть страница с моим именем. Счастливо оставаться, безвольные овощи!",negative
random_13953,"Телефон будет работать вечером, если кто не смог дозвониться.",neutral
random_17385,Настоящая дружба - удел сильных),neutral
random_10365,"Кто пропустил - диссертация снегурочки:
[id5234993|Егор Платонов]-  должно понравится",neutral
random_11321,"брат, ты закрылся?",neutral
random_10109,"шо бухарик, когда гос?))",neutral
random_20274,Шашлычоок *_* Что еще для счастья надо... =)),positive
random_20952,Фильм хочу!!! Что посмотреть?,neutral
random_08510,"улыбнись, моя Танина дочка!))))",positive
random_08328,"Люди, которые воспринимают все пустяки близко к сердцу - больше всех способны искренне любить...",neutral
random_17557,на сибишке по пробкам,neutral
random_07163,"американский пирог,все в сборе!сходи,не пожалеешь!)",positive
random_19505,"Днепропетровск, 9 октября Гарик Сукачев в Метеоре | Lopata.in.ua | Днепропетровск",neutral
random_06767,"Что будет дальше, первая серия фильма ""История будущего"". Фильм начинается с 35-й минуты:
",neutral
random_19525,"Почему ,когда ты идешь вечером домой,немного поддатый,тебе хочется написать ей?...",neutral
random_20087,Украинский актер Владимир Зеленский прячется на территории России от призыва на военную службу,neutral
random_19656,Статус про кого?,neutral
random_05685,Когда-нибудь наша с тобой любовь будет бегать в подгузниках по дому:D,positive
random_06528,Мой бредок),neutral
random_14759,"Зеленоглазые люди - это сама нежность. Любят они всегда искренне, горячо и отличаются верностью тем, кого выбрали.",positive
random_19557,Вот так меня поздравила жена))),positive
random_13017,что не понравилась?????,neutral
random_16637,"В любви с мужчинами всегда проигрывает тот,кто без остатка отдается любви,подчиняется чужой воле и жертвует своей жизнью ради другого.Самое большое на что такая женщина может рассчитывать это-жалость.Свои чувства можно и нужно контролировать.Не они властвуют над нами,а мы над ними.Нельзя терять контроль над любовью  и смотреть на мир сквозь розовые очки.От них как известно,портиться зрение.Как только женщина начинает отдавать больше-ее сразу используют.Такова психология мужчин.Не мы должны быть достойны мужчин,а мужчина достоин нас.Никогда не поздно что-то менять и начать все сначала...вот и я начала...",neutral
random_09131,ТЫ УЖЕ ЗАПАССЯ????,neutral
random_04764,Деффки наши жгууут!!)),positive
random_20943,Разве мог я подумать пару месяцев назад что гитары будут стекаться ко мне рекой.,neutral
random_17981,"Кто знает? Почему появились щелчки в динамиках именно при прослушивании треков либо при просмотре видеороликов, когда включен инет, а без инета щелчков нету!",neutral
random_07434,"Свершилось! ))) 24 часа родов - и наша дочка теперь С НАМИ, а не в моем животе))))) Слава Богу за все!",positive
random_11849,а сколько стоит?,neutral
random_05950,Збс сьездили),positive
random_10181,"как? че вообще,??!!!",neutral
random_04350,Меня прееет от этой песни ХДДД,positive
random_08927,"Ира очень красивая, но она не будет с ним... 100%",neutral
random_01703,"Маме на радость, папе в награду, ты появилась на свете - отрада! Малыш несмышленый, пуговки-глазки, тебе всё внимание, заботы и ласки!!!",positive
random_00426,Смауг - самовлюблённый напыщенный баран,negative
random_16737,Легкая инструментальная импровизация на Король и шут),neutral
random_04193,авочка-бенч!!!,positive
random_11353,"Вот я всё равно считаю, что даже с разваленными спецслужбами можно было организовать, если уж не ""красивый"" арест на месте, то уж вывоз Гоблина и Константинова на ""большую землю"". И дальше решать вопрос с более адекватными людьми... ИМХО, я не специалист, конечно.",neutral
random_08015,я горжусь нашей сборной !!!!!,positive
random_07477,классный статус!),positive
random_13026,"Год - это не вся жизнь, но всю жизнь будешь вспоминать этот год.",neutral
random_19914,Назови дату и время))),neutral
random_02876,не смешно человек после инсульта,negative
random_02297,я всемогущая я нашлааа)),positive
random_08301,У меня футоблка в с ван Нистелроем есть),neutral
random_03763,— Боль делает людей сильнее.,neutral
random_13897,Сижу. Жду.,neutral
random_06432,"Современным девушкам нужен парень с машиной и с большим кошельком. А мы, простые парни, уставшие после тренировки и с мелочью в кармане их не интересуем.",neutral
random_00734,СВАДЬБА В МАЛИНОВКЕ - 2 !!!!,neutral
random_17114,"Утро бывает добрым? Хм,
наверное, когда просыпаешься
часиков так в 11 и любимая
сонная морда спит на соседней
подушке )",positive
random_06531,ммммм как ето мило:*,positive
random_01918,Куда лезешь?!:DD,neutral
random_14872,От Петербурга откололся Васильевский остров,neutral
random_05768,"Замкнутый круг... У меня замерзают ноги. Я надеваю тёплые носочки, а то и по две пары. Ногам становится жарко, они потеют, затем от влаги быстро остывают... и - у меня холодные  мокрые ноги в тёплых носках...",negative
random_12604,"Вот что нас ожидает,буквально через месяц,вот сюда надо ездить отдыхать!!!!",positive
random_19323,"какая же классная игра получилась...

Встреча Геральта и Цири и возвращение Цири в Каэр Морхен",positive
random_01225,"Как говорит мой однокурсник-бразилец, bonjour, everybody. Чудные дела творятся в нашей общаге, сперли стиральную машину, которая была привинчена к полу. А на единственной оставшейся включили чешское меню. В общем, все, как в Отечестве, включая абсолютно дискретные смесители в душевой.",negative
random_16671,"Глупо не общаться с человеком, который тебе дорог. И неважно, что случилось. Его в любой момент может не стать. Представляешь? Навсегда. И ничего не вернёшь.",negative
random_17500,"УКРАИНЦЫ, ВЫ УБИЙЦЫ.  КАК ВЫ БУДЕТЕ ДАЛЬШЕ ЖИТЬ НА ЗЕМЛЕ ПОСЛЕ ВСЕГО ЭТОГО. КАК ВЫ БУДЕТЕ СМОТРЕТЬ В ГЛАЗА СВОИМ ДЕТЯМ И ВНУКАМ.  ОСТАНОВИТЕ УБИЙСТВО МИРНЫХ ЛЮДЕЙ. НЕ ПУСКАЙТЕ СВОИХ ДЕТЕЙ УБИВАТЬ НАСЕЛЕНИЕ. ГОНИТЕ ПРОЧЬ ЖИДОВСКУЮ КИЕВСКУЮ ХУНТУ, КОТОРАЯ ВЫПОЛНЯЕТ ЗАДАНИЯ МИРОВОГО ЖИДОВСТВА ПО УНИЧТОЖЕНИЮ НАСЕЛЕНИЯ УКРАИНЫ. ОНИ ЗАПЛАНИРОВАЛИ СОЗДАТЬ В УКРАИНЕ НОВОЕ ХАЗАРСКОЕ (ЕВРЕЙСКОЕ) ГОСУДАРСТВО.",negative
random_15894,Европа отворачивается от Украниы и начинает называть вещи своими именами!,neutral
random_18174,"Когда мы говорим, что скучаем по лету, мы вряд ли представляем себе море, песок, солнце, пляжи. Мы думаем о том, кто был с нами. И все-таки очень приятно называть таких людей летом.",positive
random_20082,"день два. казачий хор спел, фонтан открыли, салют был, даже газманов сплясал. НО! акустика на театральной плоха, салют - не очень, транспорта нет, прокуратура как стояла, так и стоит. что за день города...",negative
random_21228,Кто лутше?,neutral
random_06440,Аааа!!! Очень четко и прям в тему!!!! Вот такие ребята в Saint-P,positive
random_19908,Кароч братаны добовляйтесь ко мне в друзья,neutral
random_12387,"Как дела, дорогой ? Скучаю))))))))))",negative
random_04523,С ПЕРВЫМ СНЕГОМ!!! УРААА!!!! ДА ЗДРАВСТВУЕТ СЛЯКОТЬ!!!!!,negative
random_09306,Люблю тебя,positive
random_03185,Отправь ответ &gt;&gt;&gt;&gt; ,neutral
random_12907,"Не обижай человека, который ради твоей
улыбки готов свернуть горы.",neutral
random_11252,"Интеллектуальная забава. Говорят, что решить эту задачу могут только люди с IQ больше 120. 

2 + 3 = 10 
7 + 7 = 98 
3 + 5 = 24 

8 + 6 = ? 

Это число - пароль к прикрепленному файлу. Если вы решите задачу и сможете открыть файл - впишите свое имя в список и разместите у себя на странице.",neutral
random_07356,"Вчера смотрела в кино вторую часть Голодных игр:  я была просто поглощена фильмом, гениальный. Вот только невыносимо теперь ждать третию серию.",positive
random_19745,по статусам можно понять что творится на душе у каждого из нас ©,neutral
random_10028,"ОБСЕ задержаны в Антраците
В городе Антраците ополчением была задержана группа представителей миссии ОБСЕ которые собирали разведывательные данные в пользу украинской армии, пытались подкупить и завербовать бойцов на блок постах.",neutral
random_03395,"понимаете, почему я ходила 2 раза на ЧП?) чудесная жопа. полцарства за нее)",positive
random_13982,Кто бы только знал как меня заебала эта зима!,negative
random_09604,"Я не принадлежу к партии, но понятно одно.Вы тела которых проплатили регионалы.А они ведь реально боятся что новое лицо может что-то изменить.",negative
random_10407,ахах ну как то так:D :**,positive
random_19686,"ееее, дома :)",positive
random_00964,такой забавный :D,positive
random_15869,"[id174564952|Наталочка Билоус], это тебе!
• Отправлено из ФотиКо ► vk.com/fotiko ◄",neutral
random_00842,Четвероногая ТВАРЬ!!!!!!!!!,negative
random_20645,"Давай придумаем как оказаться там, где пока нет нас ...",neutral
random_13143,Ты почему трубку не берешь???,neutral
random_15625,Блять опять снег пошёл...,negative
random_19781,"блин, так жизненно",neutral
random_12400,"Кстати, мне действительно совершенно  небезразлично как закончится голосование в рубрике ""Меню и счет"" на   Мне просто необходимо, чтобы в рубрике ""пабы"" победил Finnegans.  Так что, друзья, прошу вас голосовать!",neutral
random_15129,Щя буду пивас пить!!!!,neutral
random_05053,"Александра Сиркашева ""Sway"" - Голос. Дети - Выбор вслепую - Сезон 2",neutral
random_15753,Моя слабость ^_^,positive
random_01380,Я приехала!!!,positive
random_03756,"Друзья, мои песни для Вас!
Слушайте с удовольствием! :))) 
""Не Твоя"" - автор песни  [id156765816|Lolizabet Пишу-Песни] - ",neutral
random_04957,ахах..я вообще плачу сижу хах..ужасное зрелище..как тогда),negative
random_15820,"мой первый в жизни баннер, все с тем же кроликом в главной роли)",neutral
random_02548,"уважаемые должники! если до среды с вашей стороны не поступит никаких звонков, сообщений  с прозьбами понять и простить то в четверг я публично начну выкладывать списки имен с фамилиями суммой долга и самое главное сроком сколько времени Вы тарчите бабла! надеюсь до этого не дойдет и выводы сами сделаете без моей помощи причем в дальнейшем ФИЗИЧЕСКОЙ! с уважением Андрей Викторович",neutral
random_00596,"Омг! Я написал хорошую заметку на кпк но вк решил обновиться и всё стерлось!!(((
Поэтому я просто оставлю тут 4 панорамы с одного из самых больших небоскрёбов в мире-Empire State Building (на статую свободы билеты заняты до 27ого числа) а вы полюбуйтесь одним из самых захватывающих видов которые мне только довелось посмотреть!
ЗЫ фото выкладываю как есть, ибо оценить сам что получилось не могу (
Приятного просмотра,а я пойду допью свой лимонад -Р",positive
random_19229,"А по-моему, девушки никак не могут определится.

Сладкая ложь: - Ты худая (Думает что вы врете)
Горькая правда: - Ты жырная корова (А вот за это можно и преждевременный апокалипсис получить(хотя сама же просила горькую правду!!!)",neutral
random_09588,Крайне убогая подделка... как вы думаете кто подделку сделал? =D,negative
random_07898,хахаха ))),positive
random_15093,Вы тут с Гребенщиковым похожи! хахаха....)),positive
random_20136,А всё равно прикольно:,positive
random_01748,Интересные идеи для лазерной резки,neutral
random_01357,Эта песня ассоциируется с тобой :*,positive
random_08077,Вот так мы гуляем),neutral
random_03066,Первый раз рисую подобное=)  Замок,neutral
random_03052,"Тот, кто борется за свою мечту, сильнее других страдает…",negative
random_12223,"Господи, я прошу не о чудесах и не о миражах, а о силе каждого дня.",positive
random_03177,Отпустишь прошлое - получишь будущее.,neutral
random_16567,"Пойми что сама по себе жизнь, это не больше чем жалкое существование!",negative
random_09925,Бле. настроение фигня... ттшечка..,negative
random_08275,где-то в пределах Нью-Йорка курсирует он :) человек который изменит мою жизнь навсегда ;),positive
random_05046,"Буду наглядным доказательством того, что человек может в сотни раз больше, чем кажется.",positive
random_16602,нет я тебя только люблю,positive
random_04454,ахаха блять)),positive
random_02299,Послушай шикарные персни*),positive
random_04975,"• Отправлено через ► vk.com/FOTIKO ◄
",neutral
random_01589,"Пройди детектор лжи и ответь мне на вопрос:
***Вопрос является секретным, ты сможешь увидеть его только в приложении***
😆

Чтобы ответить на вопрос перейди по ссылке ",neutral
random_07357,"Никому не стоит извенять себя для чужого. Те, кто заботился о тебе, могут принять тебя в прежном виде.",neutral
random_12338,Выходные в стиле Камикадзе...,neutral
random_17259,Зум одного из рисунков+задняя обложка.,neutral
random_11973,"наверное хватит думать сутками о человеке, который не задумывается о тебе даже на секунду...",negative
random_05205,"Да что за долбанный год,сначала Костя(друг мы тебя никогда не забудем),затем японцы(держитесь,мы душой и сердцем с вами) а теперь Малафеева (Слава держись).Я вообще в АХУЕ.Если так дальше пойдёт то лучше сразу с небоскрёба прыгнуть.",negative
random_18201,"""Паук и буллщит""",neutral
random_12976,я верю в тебя моя сладость****,positive
random_10830,мурумрумур:*,positive
random_09154,У всех тут любовь - морковь с пиздатыми парнями...а у меня вот шоколадка есть,negative
random_04304,"Дешво и серьёзно) Наташа: блондиночка, 90*60*90, Голубые глазки, голова не болит, много не говорит) Женщина мечта)",positive
random_16391,Кто знает немецкий?!!,neutral
random_07646,какой софтиной склеить 2 PDF файла ?,neutral
random_17808,"Я одного не понимаю, почему всегда дрель? Каждый день? Уже почти год ! Такое чувство, что у них кроме дрели нет приборов! Они смотрят дрель, слушают дрель, готовят с помощью дрели и даже воду кипятят дрелью! Хлеб режут дрелью!!!! блять эти соседи несчастные люди! - им даже в магазине кроме дрели ничего не продают!!!!!!!!",negative
random_14281,"Ахахахахх))))))
",positive
random_15045,Система питания человека зависит лишь от уровня его развития!,neutral
random_00772,"Урааааааа!!!!!!!!! Сегодня сдал последний экзамен и получил статус от Microsoft: MCSA
Следующая цель - статус эксперта MS  BI!!! :)

",positive
random_14616,очень красивая из всех по моему мнению),positive
random_13811,"То чувство когда тебя показывают по телевизору *о*
Пусть в эпизодах, но все-же часто :D
Кароч первый сюжет програмы про военно-патриотическое мероприятие в котором я участвовал х)",neutral
random_15955,...начало традиции положено!! :)),positive
random_08603,Вот! Насвистел! Идея и музыка Александр Гуляев. Художник и аниматор Сергей Котов ,neutral
random_07459,"Вот это танец
Аха)",positive
random_08276,"пока, любимая странушка)) буду скучать за всеми)",positive
random_13586,"Э, сегодня матч в 7, приедешь?)",neutral
random_14091,Вспомни школу)))и Вайнбранда,neutral
random_19105,"Какая чудесная погода, чтоб начать писать курсач :3",positive
random_01971,аха статус шик,positive
random_14993,чудесный ремикс.,positive
random_12191,на кого похожа больше на маму или папу?,neutral
random_17744,Мои любимки!!!!,positive
random_10540,"Защита динамика – очень полезна и нужная опция. Применив эту плату защиты «DC protect» вы защитите Ваш динамик при отказе усилителя. По какой либо причине усилитель может выйти из строя (скачек сети, не качественный усилитель, перегрев усилителя). При пробое конечного каскада, на выход усилителя (на динамик ) поступает постоянное напряжения (напряжения питания «+» или «-» ). При этом катушка динамика сгорает, тогда Вам помимо ремонта усилителя приходится ремонтировать и динамик, а то и за частую покупать новый. 
Эта маленькая платка обеспечит защиту динамика или акустической системы из нескольких динамиков. Один канал – одна плата защиты «DC protect». Два канала – две платы. 
Монтировать можно как в усилитель, так и в акустическую систему.",neutral
random_09650,"Любимые уходят не из дома,
Любимые уходят из души…

Ты вдруг поймешь отчаянно и странно,
Что ты один! Один среди теней
И что в воспоминаниях вчерашних
Блуждать придется очень много дней.

До новой встречи будет путь не ближний
Отринь скорее прошлое свое.
Бывает, не хватает целой жизни
Понять душой, что вот оно- твое!

Услышьте все, кому печаль знакома!
ЛЮБИМЫХ НЕ ТЕРЯЙТЕ НИКОГДА!
Любимые уходят не из дома,
Они ИЗ НАС уходят навсегда…",negative
random_14794,Первое место),positive
random_06602,"Как говорил Капитан Джек Воробей: ""Мне плевать на реакцию окружающих. Я живу не для них.""👆😘😎😘",neutral
random_09837,"Люблю тебя больше всего на свете!!!!! И ты только мой!!!!)) вслушивайся в слова :**
",positive
random_17518,"я есть фотографъ!
бойтеся меня)))",neutral
random_12586,"У меня есть традиция - каждый год, 29 декабря, я выбриваю ирокез)))",positive
random_16337,Нельзя забывать о друзьях! Иначе в нужную вам минуту друг забудет о вас.,neutral
random_01018,Братву на сиськи не меняю)),neutral
random_08702,Кто исполнил лучше?,neutral
random_20054,Олдовые времена. лютые WIN'ы. Жаль что сейчас троллями себя считают подписчики говнопаблика #MDK,negative
random_11456,"А вот, кто догадается, где это? Или хотя бы в какой стране?",neutral
random_00812,Фотогерой + Коллажи в стиле iPhone ★  vk.com/app1984864,neutral
random_04486,"позвони мне, позвони!!...",neutral
random_20905,Тебя тестит программа от id7758276,neutral
random_05551,Вот еще же не скинул тебе xD,neutral
random_18332,Генерал билета),neutral
random_11896,"Как пахнет марихуана? С первого этажа запах такой доносится, на керосин похоже, это оно самое? Голова аж болит",negative
random_13519,Родной мой ))**,positive
random_02366,"ох, если честно то с репертуаром у европы, да и у всего радио сейчас беда... Песни одни и те же, утром в Бригаде у каждый день, в одно и тоже время играет определенная песня) Такое ощущение))",negative
random_13785,"Безумно люблю
4:00",positive
random_17201,"На некоторые поступки меня толкает фраза: «Будет, что вспомнить»...",neutral
random_10983,"У тренера, все должно быть под контролем!)))💪💪💪",neutral
random_10615,"И меня еще часто спрашивают, почему я так часто Империю вспоминаю. Цитата:
...Всего два поколения назад ядерный взрыв вызывал у землян меньше негодования, чем невинный дамский купальник, в античности бывший повседневным. Глядя на Рим, мы постоянно видим не то, что нужно, и не обращаем внимания на то, на что следовало бы смотреть. Мы всё время говорим о легионерах и императорах, а то и о гладиаторах и ланистах. А это была цивилизация, строившая современные водопроводы и полы с отоплением. Цивилизация, в которой девушки одевались в бикини и ходили в фитнесс. Всего сто лет назад у нас просто не было понятийного аппарата, чтобы адекватно описать её.
Полностью здесь:
",neutral
random_03815,тащусь...капееец....,positive
random_18288,Перес - гений! Гран-при Малазии было просто классная! Футбол после этого смотреть скучно.,positive
random_13305,"сущность твоя, вся",neutral
random_14546,"Рауль близок к переходу в ""Анжи"". SoccerNews.ru",neutral
random_15798,что это значит?,neutral
random_00532,"Друзья, кто не так давно делал дома ремонт , подскажите, пожалуйста, у какой фирмы можно заказать хорошую входную железную дверь? Желательно с деревянной обивкой (надеюсь, понятно описала).",neutral
random_09590,"Говорят, 14 февраля случаются чудеса.. ну.. давай, Чудо, я буду тебя ждать. 

найобка)",negative
random_12915,Опубликовано фото в Instagram  @ Будвар ,neutral
random_10357,"Да что вы знаете о боли... мог выиграть с 100 руб 3500!!!

Тупо один исход. Матч, в котором чуть-чуть не хватило. ГОРИТ.",neutral
random_09097,неожиданно),neutral
random_09516,"Голосните за Ксюшу Говадзе!!! друзья, плиииз помогите подруге!=)",neutral
random_14251,"[id195491903|Елена Полежай], это тебе!
• Отправлено из ФотиКо ► www.vk.com/fotiko ◄",neutral
random_08646,"А теперь ломайте голову, кому это?))))",neutral
random_19712,Твой брат?,neutral
random_03915,"Мне не отогднать тоску, она маленьким матыльком прилетела ко мне. И как только на землю опускается сумрак, садится мне на плечо, и превращается в огромную птицу печали, окутывающую меня крыльями.....",negative
random_14892,"Ебать,как я люблю столовку!",positive
random_06000,доброе утро любимый! хотя без тебя оно не очень доброе(((,positive
random_00161,Маникюрчик Оличке!,neutral
random_15423,статус - мудак и мразь!,negative
random_07899,Ни чо так!,positive
random_16777,"Лучшая подруга - не та которая говорит: ″Найдешь лучше него″,а та что звонит ему и говорит: ″Лучше нее ты не найдешь!″",positive
random_12728,"ДОРОГИЕ РОДИТЕЛИ!
На развивающих занятиях в группе ""РАЗВИВАЙ-КА"" для детей 3-х лет
занятия проводятся 1 раз в неделю - по субботам:
в группе № 1— МЕСТ УЖЕ НЕТ
МЫ ОТКРЫЛИ УЖЕ ГРУППУ № 2. (ОСТАЛОСЬ ТОЛЬКО 2 МЕСТА)
На развивающих занятиях в группе ""РАЗВИВАЙ-КА"" для детей 4-х лет
группа № 1 ( в 12.00) - МЕСТ УЖЕ НЕТ
группа № 2 ( в 13.00) - МЕСТ УЖЕ НЕТ
МЫ ОТКРЫЛИ УЖЕ ГРУППУ № 3  (в 14.00) - (ОСТАЛОСЬ  3 МЕСТА)

Узнать более подробную информацию, а также записаться на занятия можно по телефону: 8 911 558 6648",neutral
random_13689,"Открываю конверты за вас
Пн-Пт (8:00-21:00)
Писать в личку.",neutral
random_15027,"Низкие цены на парфюмерию и распродажа туалетной воды, выгодная акция, поэтому не стоит медлить, оформляйте заказ прямо сейчас! Задать любые вопросы, например, уточнить с какого адреса осуществляется самовывоз, как долго будет длиться снижение цен на духи и т. д., вы всегда можете у наших специалистов. Звоните и заказывайте!
Ян Духов(vk) 988-58-81(Санкт-петербург) ( Viber , Watsup )
+7-952-288-58-81(звонки по России) 
D&G Light Blue - аромат для женщин, принадлежит к группе ароматов цветочные фруктовые, выпущен в 2001 году. 
ТЕСТЕР - Оригинал по специальной цене 850руб",neutral
random_13100,платье с розочкой к продолжению троллинга от кежика,neutral
random_01062,"Моя подборочка песнях для нг настроеньица, от которых бренное тело ритмочно пошатывает :3",positive
random_11162,"- У нее есть парень. 
- И что ? В футболе тоже вратарь есть, но это ведь не значит, что ты не забьешь гол.",neutral
random_09312,я поржала :3,positive
random_05939,"Ты мой сладенький, люблю... люблю... люблю...",positive
random_06824,"Враг навсегда остается врагом,
Не дели с ним хлеб, не зови его в дом,
Даже если пока воздух миром запах,
Он, хотя и спокойный, но все-таки враг.

Если он, как и ты, не пропил свою честь,
Враг не может быть бывшим, он будет и есть.
Будь же верен прицел, и не дрогни рука,
Ты погибнешь когда пожалеешь врага.",neutral
random_18169,"Жизнь пeкрaснa,и похуй что это нe тaк!",positive
random_05275,"Самая лучшая кеса💜✨✨▫⚪🔴🔵▪◽◼⬜⬛
Пусть у тебя будет миллиард подписчиков и много много просмотров",positive
random_21111,"Мы с тобой как одна семья бро - ты маленький, я большой бро :D. Люблю тебя очень сильно *** Смотри не встревай в неприятности без меня  там ок? :D))))) Люблю****",positive
random_16264,всегда таак,neutral
random_00871,[id15118301|Влад Добрый] ДА ТЫ ЖЕ СПИЗДИЛ ИДЕЮ ДЛЯ АВЫ У МЕНЯ АХ ТЫ СУКА ПЛАГИАТОР ХУЕВ ТРАВЛЯ ОЛОЛО НАБИГАЕМ ПОЗОРНИК СВОЕГО ПРИДУМАТЬ НЕ СМОГ ФУ ЛАХАН!!111,negative
random_19110,тусим сегодня?,neutral
random_04265,зайка ти просто супер ....*))),positive
random_04053,"лучшее летнее фото. Классика жанра. Спасибо, студклуб Финэка",positive
random_11423,попытка номер 3 :D,neutral
random_15331,"самой милой и хорошей=)
",positive
random_10118,Шарик круглый! (с),neutral
random_06008,"Че за хуйня? Какие нахуй товарищи, какое досье?!",negative
random_02553,"Вот так вот, живем в дыре)))",negative
random_07215,она божественна,positive
random_04977,"А ЭТО ТЕБЕ! 
",neutral
random_12275,"О Даа первый снег как мы этого ждали,  о и первый снеговик:)",positive
random_16039,"Вспоминая подготовку к литературе XD
- Ну так что там, в этом ""Портрете"", дальше было?
- Да все просто. Его отец разорился, и он снял себе проститутку. Его отец начал пить, а он в универе читал Аристотеля и прогуливал пары. Не, уже без проституток (с).",neutral
random_02816,"
Это очень круто)))",positive
random_06383,"Женщины, вы такие красивые все!",positive
random_13135,Скоро результаты,neutral
random_11378,Наконец-то Майкл приехал из глубинки и забрали мерч ),neutral
random_02066,Если вы понимаете о чем я,neutral
random_16036,"По-моему, выбор очевиден)",neutral
random_15667,"Надоело, Хочу домой:(:(",negative
random_13761,"Баш правдив и гениален: Ни одна девушка не стоит того, чтобы ее провожать в Купчино…",negative
random_11085,добавить позитива перед робочей ночкой.......))))))),positive
random_13171,В каждом из нас есть частичка Тп (с),neutral
random_04089,"Так оставьте ненужные споры! Я себе уже все  доказал -лучше гор, могут быть только горы, на которых еще не бывал! 💙 💛",positive
random_02174,"Поскольку зеркал в моем доме нету,а никак иначе фоткаться не круто,я решил сфотографировать свое отражение в воде.Но,к сожалению,на районе только одна речечка,и та не очень чистая и глубокая.Да и камера фигня.",negative
random_04073,Сука корсет жмет!!!!,negative
random_14108,в паспорте!*))))),neutral
random_01092,СВЯТКИ! ВСЕ УШЛИ... ГАДАТЬ!!! :),neutral
random_12233,хороший статус),positive
random_18941,"Настюша, я тебя обожаю!;) ты самая лучшая, классная, добрая, милая, безумно КРАСИВАЯ!!!:) иногда мы ведем себя как дибилки и ржем без остановки!* я тебя люблю, ты самая лучшая подруга!*",positive
random_18696,"Бесят мудоебы, которые говорят о чем-то со стопроцентной уверенностью. Это же пиздец. Причем так могут говорить только о том, чего они в жизни не знают. Я вот, например, стопроцентно уверен, что такие люди долбоёбы и пидарасы.",negative
random_00657,От души зачитал....,positive
random_12866,Бавария-Реал 0-4 ппц,negative
random_17147,вот чтоб не грустить))),neutral
random_09330,"Покажите мне того кто придумал простуду,я бы его с удовольствием заразила😩😤 ",negative
random_15746,"Всё решает послевкусие. Во всём. Всё зависит от того, что почувствуешь после. После общения, после поцелуя, после ссоры, после секса, после кофе, после взгляда... Это ""после"" во многом является определяющим.",neutral
random_11231,С Олегом Евичем переписывается жестко,neutral
random_17340,килограммами снега... слоями луж...глаза миллионами...,neutral
random_10206,"интересно, а на этих прекрасных людей заведут дела по антигосударственной деятельности и сепаратизму? или власти с ними солидарны и поэтому не пиздят их титушками? с нетерпением ожидаю эксгумации Одесской Советской республики и Гуляйполя

",negative
random_12868,..Она могла довести своими выходками до бешенства... Но в этом и была Ее своеобразная прелесть..,positive
random_19683,"Таки прошу прощения у резких и грубоватых поклонников Е.Б. По своей тупости не совсем верно построил предложение и скорее стоило осудить большинство его прогибаемых и не имеющих своего мнения хомячков. Я не призывал всех любить ""Голодные игры"", а Самого Евгения уважаю. Однако попросту обидно, что из 15-ти минутного вагона инфы народ приметил лишь эти две буквы, и то что я разжирел. Обожаю наш народ, любящий запоминать сугубо плохое и тыкать мне в нос негативом. Никто вас не заставляет смотреть мои видео. Собственно это моя территория, где я (как и Е.Б.) хочу и буду высказывать свое мнение, если что-то не нравиться, то скатертью дорога, и отписывайтесь на здоровье. С любовью, бездарный завистник. ❤",negative
random_00836,"Итак,что это?",neutral
random_08194,"Серёга,это не ты был случайно?",neutral
random_18865,"очень романтичное фото. Хоть с точки зрения скульптуры полная бездарность, но все равно у человека разрешившего снести балалайку нет сердлца",negative
random_08907,ахаха мега песня!!!,positive
random_06111,Алекс лайв.,neutral
random_02289,Сегодня Шаньке 2 месяца),positive
random_17367,"German tankman 1/72
Сегодня вечерком, после первого учебного дня нового семестра, заглянул yarikminiatures Принес для покрытия лаком свою последнюю работу. Заодно отфоткали. Вот результат. Комментируемс :) Фирма Orion, масштаб 1/72.",neutral
random_10685,приму в дар твою душу...,neutral
random_19054,Диски огонь)))),positive
random_08259,Как же хреново болеть:(,negative
random_12621,Лето!! ах лето!! Я люблю тебя летО!!,positive
random_00564,"Опаздываешь на работу?! Да не, бред) для всякой херни всегда есть время )))",positive
random_07130,"Женщины сильнее мужчин. Для них не существует глупостей - только главное. Жизнь, дети, свобода. 
Они не видят смысла в вечной жизни - они продолжаются в детях, и этого достаточно. 
Они не завоеватели - им и так принадлежит мир, потому что они способны создать новую жизнь.",neutral
random_00941,"хахахха мы теперь все товарищи , и еще и на связи))))  вот контакт жЁт!!!!",positive
random_07578,Чо нашел)),neutral
random_03360,Фальстарт или избирательная забота?,neutral
random_00939,Репертуар на предстоящий Год лошади!!)),neutral
random_05788,"[club28477986|Ты не поверишь!], хуй там!",negative
random_03569,Какой коктейль вам не нравится ???,neutral
random_00656,Выходной удался!!)))),positive
random_03869,"Диверсия в команде Медведева!
В 15:00, вот по-этому адресу -  (Телеканал ""Вести""), вы увидите, как Генерал Пижамной Армии (My Duck's Vision) лично предложит Медведеву сменить монтажера его видео,
а перед этим покажет ему ролик про его ""дрочилу"" монтажера :)
Само видео прилагается ниже.",neutral
random_20836,"Просыпайся, соня, скорей!
Тебя ждет новый чудный день!
Ты теплом свою душу согрей
И забей на природную лень!
Светом своим этот день озари!
Много улыбок и счастья людЯм дари!
Сделай так - чтоб было с тобой хорошо!
Чтобы день твоей жизни зря не прошёл!",positive
random_07263,я не понял. это предъява? о_О,negative
random_07483,Научитесь дышать счастьем. Оно в воздухе. Оно в мелочах! #дача,positive
random_20094,Один из самых шикарных городов России😍🇷🇺,positive
random_07540,Скучаю по тебе моя девочка !)))),negative
random_03716,Скучно..очень скучно(((,negative
random_12086,"[id7385730|Александр], это ты спецом для гайцев написал? ;)",neutral
random_13797,Российская авиация через 3 дня начнет бомбить либо Сирии либо в Ираке моджахедов !,negative
random_18975,когда выпивать будем?)),neutral
random_14936,как тебе???,neutral
random_07479,ЛЮДИ У МЕНЯ ДЕНЬ РОЖДЕНИЯ 13 ИЮЛЯ А НЕ !!!!!!!9 МАЯ 1945 ГОДА!!!!!! Я ПРОСТО ТАК ПОСТАВИЛ ЭТУ ДАТУ !!!!!!!)))),neutral
random_18910,Вариант с тросом (закос под роупджамп) мне понравился больше :3,positive
random_03550,дикобразный эмоционал.,neutral
random_15815,"она убийца,слушай до конца.",neutral
random_02787,а-ну протри!!!!!,neutral
random_03255,для мужчин(снизу лыжа),neutral
random_01422,"Я участвую в новогодней Интернет-конференции «Позитивные решения для родителей» с 15 по 18 декабря! Друзья, пожалуйста, присоединяйтесь, это очень интересно: ipsyholog.quickpages.ru/parentingsolutions",neutral
random_06292,"Помогите, пожалуйста, найти недорогую комнату в Красносельском районе для очень хорошего человека. 
Спасибо заранее за все предложения.",neutral
random_15728,"Видать, своим деньги не нужны стали. Разбогатели.",neutral
random_19300,"Я подобрал тебе прикольный ФотоСтатус, Жми на картинку ниже, чтобы его получить.
",neutral
random_06996,Стерла правду про любовь?! (((,neutral
random_10797,"С/р по терапии
 [id43538956|Ирочка Гавричкина]  [id121876150|Alina Bakaeva]  [id131732311|Alisa Bakaeva]  [id138576142|Oleg Naginay]  [id20795551|Артём Глебов]  [id196770070|Женька Оо]",neutral
random_02233,ну и вот собственно)) обращаем внимание на левую часть сцены),neutral
random_01008,"София
какой ты молодец!))
15.05.13 
я ушла в царство морфея.доброй ночи 

",positive
random_04158,куплю 5 секретки,neutral
random_14130,прелесть же?,neutral
random_18987,"Это чтобы ЕС не дёргалось с Южным потоком, а быстрей строило.
А трубу украинскую вообще ПЕРЕКРЫТЬ!",negative
random_17987,Уставший Басик с винищем в Карлстаде,neutral
random_20634,Артем Ледовских убивает петушка пистолетом Glock 17,neutral
random_18652,"Мы живем в мире, где улыбка уже не значит хорошее отношение к тебе. Где поцелуи совсем не значат чувства. Где признания не значат любовь. Где каждый одинок и никто не старается это изменить. Где
слова теряют всякий смысл, потому что несут ложь.",negative
random_00968,Детский лагерь для взрослых.,neutral
random_07874,"настолько уморительно, что я даже не поленился вырезать",positive
random_04033,"В День Космонавтики участники акции в Пензе выстроились в число ""55"":Куда смотрели организаторы акции-непонятно.",neutral
random_11160,"^^как приятно влюбиться в человека...который в тебя уже влюблен..быть нужным тому, кому нужен ты..жить тем, кто живет тобой..Я люблю тебя...",positive
random_06977,"Я смотрю все такие невхерственные и крутые, а любого прикуй наручниками к батарее, встань напротив с бейсбольной битой, и куда денется вся эта невхерственная крутизна? А? В штаны, вместе с адреналином!",negative
random_10133," 

НУ ЧТО РЕБЯТКИ))))??ПУСТЬ ШАХТЁР ДАСТ НАМ ПОВОД НЕРЕАЛЬНО ОТОРВАТЬСЯ)))",positive
random_01240,"Удивительное место ""Волчьи ворота"" в Ставрополе. Планировали встретить закат солнца, но солнышко спряталось за тучи.Но тем не менее очень красиво. Наш мир потрясающий!!!",positive
random_09165,в среду поедем кататься?,neutral
random_09279,Гель-лак на свои ногти,neutral
random_05276,Эй солдатик есть мобилка позвонить?,neutral
random_14870,"может, кто-нибудь отсыпет немного либидо?",neutral
random_09780,МЫ ЛУЧШИИИИИИИИИИИИИИИЕ!),positive
random_06856,"""я тебя люблю"" —
самая популярная
шутка сегодня.",neutral
random_13389,официальный праздник),neutral
random_05961,"Читаю себе рассказ, и тут - рекламный баннер: ""В КАКОЙ ЛАГЕРЬ ОТДАТЬ РЕБЁНКА?""
Вот уж ужас, кто такие слоганы придумывает?",neutral
random_03937,и я требую фото с кепкой,neutral
random_09423,Выставка кошек на БЕЛЭКСПА))),neutral
random_03124,"Нет в этом мире радости сильней,
Чем лицезренье близких и друзей,
И нет на свете мучительнее муки,
Чем быть с друзьями славными в разлуке!

Родные мои,как же я по вам скучаю!!",negative
random_04726,"Зацените Lancer X под пленочку от Андрея!!Отличное качество пленки,без проблем взаимодействующей с праймером!За качетво отвечаю-проверено на деле! советуем!!!В процессе фактура рисунка, икмитирующего переплетение волокон углепластика подчеркивает строгие линии кузова. Так же, в стиль «карбону» были затонированы задние и переднии фонари.
Изящным дополнением, своеобразной «изюминкой», этого проекта стала оклейка значков митсубиси черной глянцевой пленкой)
Как смотреть на этот проект, решать Вам, но мы солидарны с клиентом, желаемый эффект был достигнут, машина не сильно выделяется в потоке, но при этом имеет ярко выраженную индивидуальность и харизму. www.vinil-brothers.ru",neutral
random_19509,На этих долбаёбов,negative
random_18153,Пиздец шпана 😂😂😂😂,negative
random_00574,ой! щекотно,neutral
random_08758,не плохо было сказано**)))),positive
random_07323,"Внимание, внимание!!! Кому мы еще не сделали слайдшоу? Примерно помню, но список остался на системном жестком диске, что полетел (не пострадали никакие фотографии!!!). ПРОШУ В ЛС  ОТПРАВИТЬ МНЕ НАПОМИНАНИЕ, чтобы я сверил и никого не забыл! Спасибо!",neutral
random_20313,Большая разница по украински Джеймс Бонд,neutral
random_07541,Мой сладенький:),positive
random_20620,Добегался...,negative
random_02279,ммм...куда бы завтра сходить погулять?=),neutral
random_07617,"Чувак, ты просто обязан это помнить!!!!))",neutral
random_09686,Мне надоело !,negative
random_15628,Швеция ты кто такая??давай до свиданье))),neutral
random_09632,пьяненькие девочки))))))),neutral
random_06691,Виза открыта :) нужно отметить :),positive
random_05327,Всем Вам !!! мои друзья и поклонники)))),neutral
random_06130,можно любить всю жизнь и разлюбить в четверг.,neutral
random_13868,какая девочка крачивая.....,positive
random_07810,хорош выёбываться детка мне насрать,negative
random_14800,Тони раут гавно :D,negative
random_20361,Я получил ключи от новой квартиры!!!!!!!))),positive
random_15189,"Фильм о последних днях жизни Эдгара По. Поэт преследует маньяка, чьи убийства, очень похожи на его произведения.",neutral
random_00447,"Шнур, сука, я взрослый мужик я не могу ходить и напевать - на лабутенах нах и в охуительных штанах😂😂😂",positive
random_08452,"Маленькая провинциальная,такая же как и сотни итальянских деревень-деревня Сан Феличе. Здесь каждый любит свое дело и превращает его в искусство- садовники своевременно стригут деревья, каменщики аккуратно чинят тротуар, стараясь сохранить средневековую брусчатку, в булочных пекутся самые вкусные пирожные, а ее хозяин приготовит ароматнейший кофе и очень приветливо протянет вам чашечку. Этого вполне достаточно чтобы здесь родились Данте или Леонардо) Именно в этом месте завершились съемки нашего проекта Madly in Love...",neutral
random_19134,"Практика по трем категориям, катер, моторка, гидроцикл, сдана! Осталось только в ГИМС за правами.",positive
random_15359,"Привет! Я поклонник телепроекта Холостяк, я не сказал телешоу. Я искренне верю что это правда, выбирайте  Ирину-женственная, красивая, умная и добрая, смелая идеал женский! Олеся тоже достойна все качества у нее тоже есть!Но Ира у тебя шансов больше ты моложе, с тобой страсти больше.",positive
random_02189,всё...сново каторга...опять 10мес мучений...(((((((((,negative
random_05853,Вот они мои долгожданные)))))))))),positive
random_19674,"Приюти найдёныша.
",neutral
random_16570,"Хочу декоративного верблюдика🐪. Вот как чихуахуа, только верблюдика. Буду таскать его с собой на тренировки и научу, чтоб плевался в кого покажу.☺️😈😌🌺🌸 @ CrossFit Marine Bay",positive
random_01701,"Книга Гитлера ""Mein Kampf"" может быть переиздана в Германии через 5 лет",neutral
random_10214,"Не брать трубку, когда звонит мама, нельзя. Ведь после десятого звонка я 
считаюсь пропавшим без вести и лежу с перерезаннымгорлом в канаве.",neutral
random_14038,Скоро будет чудо с вечера 4 числа;),positive
random_18915,"Иар, а не планируете ли Вы на ближайшее время проведение встречи с читателями (например, по случаю выхода книги ""Только мы"")?",neutral
random_20425,А мы катаемся! :) как в детстве классно!,positive
random_11730,"Как же зачастую хочется, чтобы твоя лучшая подруга жила в соседнем доме...",positive
random_02135,Офицально дядя Саша!))),positive
random_19894,Как же я жду ноябрь! Как никогда раньше не ждал!)))Все получится в лучшем виде. Ноябрь !!!!!!!,positive
random_03898,Вынос мозга какой-то,negative
random_17606,"[id170196975|Валя], а может раскажеш мне что такое любовь?",neutral
random_14032,А вы нас научите ещё новым движениям??,neutral
random_15585,с окончанием сеессии!,positive
random_12481,Давай...замутим счастье??,positive
random_07383,Обе бросили меня 😂,negative
random_13072,Деня первый!!!!!#hi5studio  ,positive
random_09836,"И, улыбаясь, мне ломали крылья, 
Мой хрип порой похожим был на вой, 
И я немел от боли и бессилья 
И лишь шептал: ""Спасибо, что живой"".",neutral
random_07181,"Я так скучаю по тебе, очень тебя не хаватает, а еще и дня не прошло как ты уехала :(",negative
random_01515,"Бло, какого Х** я смотрю футбол???!!! 
Ваня блин....!!!",negative
random_16550,"Помогите мне, кто-нибудь...",neutral
random_06898,"Второй куплет зацепил нереально, советую всем послушать, тречёк!!!Есть над чем задуматься на самом деле!!!",positive
random_20508, Вступай и роскажы друзям,neutral
random_14432,я теперь студентик!,positive
random_07886,все будет хорошо!,positive
random_16033,Немного музыки с того света,neutral
random_00982,с 9 по 26 августа курю ганжу в Голландии,neutral
random_05258,Пишем диплом,neutral
random_00809,что-то все заебало очень?!!!!!!!!!!!!,negative
random_04514,Вообще то по библии сказано- что всё разобьётся об небесный покров. РПЦ явно это не учла.,neutral
random_15706,Ураааа))) Вот и закончилась школа))) жаль что впереди экзамены и ЦТ,positive
random_06105,"С.Федоров Тройка, С.Федоров Бразильская шутка , исп - Грицаенко Арина  домра ,Норильск , 8 кл, препод. Н.Федорова, С.Федоров",neutral
random_07162,"Ребзя, а где в Казани можно поиграть в кикер?!",neutral
random_04630,Заболела((((,negative
random_12088,"Поскольку обратного билета у меня нет, а купить его невозможно, стартую в Питер завтра утром на попутной машине. Не удалось растянуть четверо суток на пять дней, но и то, что случилось здесь со мной - уже очень много! Отдохнул великолепно!",positive
random_12626,"Мой совместный трек с милой, я если честно не очень вдохновлен тем что получилось, но может кому-то понравится.....",negative
random_12079,Срочно требуется программист на Delfi,neutral
random_16993,и неожиданно для себя оказалась в полном одиночестве,negative
random_20603,"Зачем кому-то что-то доказывать, зачем кого-то переубеждать, навязывать своё мнение. Включи игнор и расслабься...",neutral
random_16465,"Пансионат ""Береговое"" в Крыму. Тут я занимаюсь бизнесом FFI с партнерами из разных стран!!
www.avtokharkov.prav.ws",neutral
random_10963,"Затопили! Коммунальные службы, вы наконец дали нам отопление, спасибо!",positive
random_02900,"САААШШШКААААА!!!!
Я СЕЙЧАС УМРУ ОТ ПРЕДВКУШЕНИЯ!!!!!!
ААААА!!! О БОГИ! СКОРЕЕ БЫ!!!
PS:мне было интересно кого возьмут играть Финика(он же там аполлон),так тут и правда красавчика взяли)",positive
random_14160,куда похители лето.......?,negative
random_14002,андрей малютин,neutral
random_06623,аххаха)) дверь мне сделал!!!,positive
random_18226,Ура я стал Папочкой !!!,positive
random_12306,"это не любовь,это херня какая-то.",negative
random_05152,Победители))),positive
random_15750,"1 бой: поражение, 2 бой: досрочная победа, итог: 3 место на чемпионате в Новотроицке в категории юниоров до 70 кг",neutral
random_15472,Да ну не! Не правда!,neutral
random_15156,я вобше плакал=)))))))),positive
random_17791,за пацанов за тех кто пацанами на всегда остался..,negative
random_14770,"Такие девушки, как звёзды, что светят в
клубах до утра, чаще всего тупые пёзды
или простая школота (не мое)",negative
random_03610,Вроде сейчас так модно фоткаться :),neutral
random_07988,Лерка люблю тебя* Сестрёнка моя самая родная;*,positive
random_15957,Наркомания прогрессирует)),neutral
random_05063,Да пребудет с вами Сила,neutral
random_10265,Трудяга Урал,neutral
random_15991,Наконец-то сваливаю из Москвы!!!!,positive
random_10643,А че интересуешся такими псами?,neutral
random_00357,а сами даже машинку стиральную включить не умеют))),negative
random_05963,Из моих трёх перьев даже косичка слепилась)) 🙌 ,neutral
random_14548,сАМ тАКоЙ!!!),neutral
random_01439,"Почему Губарева называют ""пиарщиком"", который ""делает имидж"" на крови воюющих, когда он сам ходит на передовую? Услышала в прямом эфире на одном из сайтов Донбасса. Разногласия?",neutral
random_05813,"Привет от нас)

#Верка
#упрт",neutral
random_06462,СРОЧНО СНИМУ МАНСАРДУ в СПБ,neutral
random_03069,"Вы что, сговорились?! Обычный сука кролик!",negative
random_20818,"Сеть пунктов самовывоза товаров ""Blizko"" ищет интернет-магазины для выгодного сотрудничества!По всем вопросам,пишите в л.с.!Делая репост, Вы помогаете молодой компании и ее создателям развивать экономику страны!:) Спасибо!",neutral
random_04302,Прости меня и я тебя прощаю!,positive
random_16592,"вы это смотрели? 
",neutral
random_16195,"Уясните раз и навсегда, что характер вашей Женщины — это отражение вашего к ней отношения. Для непонятливых: это не она стерва, это ты — МУДАК !!!",negative
random_13906,"Внимание важно!!!Все расходники на 15% поднимаются в цене !!!!!!!
Вся продукция Silcare поднимается в цена на 15%!!!!!!!!!!!!!",neutral
random_11592,"Все хорошо. Все будет хорошо! 
И свет, и жизнь, и радость, и покой, 
и все о чем мечтаешь…. Чего ждешь. 
Сейчас, и здесь, и в будущем с тобой! 
Вникай в слова, и в сердце, и в мечту, 
и верь сильнее, представляя ярче. 
Ведь мысли не уходят в пустоту! 
Они ступеньками ложатся пред удачей. 
Чем больше веры, выше та ступень. 
Чем ярче образ, тем мечта все ближе! 
Настанет час, пребудет этот день... 
И награжден вселенной будешь. Слышишь? 
Поверь в себя! В мечту! И в свои силы! 
Ты можешь все! Все будет хорошо! 
Подобное к подобному. Закон гласит старинныйf. 
Ты только верь! Верь в счастье всей душой!!!!",positive
random_00874,Малышка Сафия🐥👑💐,positive
random_15208,Это свобода! Обязуюсь повторить.,positive
random_03557,Опубликовано фото в Instagram  ,neutral
random_04512,"Процент верующих среди различных групп людей:
Лица с неполным среднем образованием - 90%
Лица без высшего образования - 67%
Выпускники гуманитарных факультетов - 55%
Выпускники технических факультетов - 17%
Как бы намекает.",neutral
random_08307,"Пожалуй, до завтрашнего утра, уже ничего не будет. Штурм скорее всего будет под утро.",neutral
random_05856,"пиздец, просто пиздец
народ из Владивостока, у кого какой провайдер? Я ебал альянс во все дыры после такого
это блять где видано - доступ к фикбуку закрыть",negative
random_05218,"привет,я не послушал ефир играли в реслинг я свихнул руку",negative
random_01494,"Холодно...но мое солнышко всегда рядом, греет меня своей улыбкой и задорным смехом)))",positive
random_12963,Расстрел на дороге: туристы из Москвы не доехали до Эльбруса,neutral
random_09462,"так вот в чём дело то))...в изоленте))

",neutral
random_10115,Фоткаю еду и выкладываю в вк... Сижу с айфона... Время задуматься... Может еще и в зеркале фоткануться? 😆,neutral
random_09013,"ааааааааааааааааааа
ахахаа",positive
random_13174,Папулька и сынулька 👶🏼 на прогулке 😊 @ Соборная Площадь,neutral
random_11534,"По-моему, это уж слишком толсто ))))",neutral
random_17527,я люблю тебя!),positive
random_01394,"психанул , что ли ?)",neutral
random_10641,ахахах твой статус начало,positive
random_08818,нЕ БЕГАЙ ДАЛЕКО.....,neutral
random_02840,А ЧТО УЖЕ ПОТАНЦЕВАТЬ НЕЛЬЗЯ? Я ПРОСТО ТАНЦУЮ!,negative
random_08315,Кто завтра придет поболеть за молний ждет удача целый год ©Ванга,neutral
random_20723,Антош заметь какое у тебя выражение лица когда ты трубочкой мешаешь воду с лимоном в стакане :)))))) хахаха,positive
random_04460,Херово(( а я в последний день заснула на пляже и обгорела),negative
random_18025,8:00- на встречу готова!.. И все прошло супер!,positive
random_19976,что нашла)))),neutral
random_18260,Денис + Надя,neutral
random_02155,"12 июня 2012, работаю на митинге ""Марш Миллионов 2""
by [id7092664|Alena Romastchina]",neutral
random_07863,"Я знаю, где твое самое безопасное место на свете . — Где? — За моей спиной..",positive
random_10525,"Комисаров ,что ж ты делаешь ,ххахахах прекрати !!!))",positive
random_00539,"Слова, запрещённые на ТВ с 1 сентября",neutral
random_13336,"Прошу отметить, что гантель в руках подопечного, по всей видимости, большего веса, чем у тренера. Что может свидетельствовать о двух вещах.",neutral
random_13987,что-то смутно знакомое..х),neutral
random_20360,#горячийисточниктюмень,neutral
random_08294,завидуй молча!,neutral
random_14179,"У наших деток была первая фотосессия 
Eneleon Wandering Star - Пейнтид Еллеу от Анверон
нам неделя - вес 1300",neutral
random_13049,восстанавливает кислотно-щелочной баланс,neutral
random_01831,"Вот такие они ?? - Сим-карты мобильного оператора «Феникс»
появятся в продаже в конце этой недели..",neutral
random_07337,"Две цитатки из поста «Плюй на людей сверху, они этого заслуживают!» и ""А он должен иметь хоть один шанс сбежать из нашей грязи и пожить человеком."" То есть прилепин этот, легко и непринуждённо, записал всех нас в грязное быдло, спасибо что детишек за скобки вывел, в полном соответствии с приведённой выше цитаткой. Но он-то, вы посмотрите, весь в белом. А по мне, прилепину этому, быдло горизонт застит. Нет, оно конечно ярче, вонючее, соответственно виднее нормальных человеков. Но, только для кретина его грязь равняется грязи общей. Не читал этого мудака, теперь и не буду. А хомячки-то как рады - коментЮт.",negative
random_10321,я орать не устану!,neutral
random_03728,"Женщина пахнет ядом, 
Риском опасных встреч. 
Женщина пахнет наградой, 
Если ее беречь. 
Пахнут ванилью руки, 
Соленой слезой иногда, 
Если рекой разлуки, 
Годы и города. 
Женщина пахнет шлейфом 
Сплетен, интриг, духов. 
Песней волшебной флейты 
Из лабиринта снов. 
Пахнет едва уловимо 
Пряным букетом вина. 
Женщина пахнет мужчиной, 
Если она влюблена. 
Сраженный тогда в одночасье 
Надолго теряешь покой… 
Но, Боже, какое счастье 
С женщиной быть такой.",positive
random_12961,Вот так блин пррокатились,neutral
random_13394,Аттестация пройдена. ЖДЁМ результаты!,positive
random_02271,девочки JazzFunk для вас :*,neutral
random_02604,Памяти великой балерины Майи Плисецкой посвящается........,neutral
random_02360,!!!добавь меня в лучшие друзья^^,neutral
random_02582,помниш того старика?,neutral
random_04680,Памятник Илье Муромцу открыли во Владивостоке,neutral
random_20163,"На днях снимали крутой ролик с [id20370163|Виктором Фроловым] Видео будет позже, а пока первая фотография.",neutral
random_17027,вот этих всегда рад видить!,positive
random_12956,"Нихуя это не прикольно, когда ты любишь молочный шоколад, а тебе дарят чёрный.",negative
random_13133,Просто мы👭💜,neutral
random_12290," 
Негодую...",negative
random_18872,Милевский попал в двадцатку худших игроков Евро-2012,neutral
random_18998,Весна..Любовь...Счастье...,positive
random_14373,"Молодёж, а вы заметили, как мы продали свободу взамен на сотовые,МР3,Интернет,айфоны,компьютеры,макдаки, колу и прочую хрень?",negative
random_16183,"послушай)
только что навоял)",neutral
random_13506,Доставило. Зацепило. Сильно. Мельницеподобно и мельницеравно.,positive
random_10738,"Удивительная группа Ранетки! Никто не слушает, зато все знают, что говно",negative
random_05401,УРА!!!!Зубастика маленькую целую!!!,positive
random_08785,"В любимом человеке нравятся даже недостатки, а в нелюбимом раздражают даже достоинства.",neutral
random_04800,"Новый трек!!!
Исполнение,музыка : Nomad
Сведение : Teatro Records
Лайк / Репост приветствуется",neutral
random_00867,Я вижу некое сходство :),neutral
random_17635,Вот и нарисовал тебя 1:1,neutral
random_00798,"""Бог не может изменить прошлое, но историки могут."" - Сэмюэль Батлер",neutral
random_11803,"писатель: Лукьянова Екатерина)
читать всем))))",positive
random_03636,Рыбалка))),neutral
random_04393,Неверотяно! ты аву поменял =))) Привет чудо света!,positive
random_19643,Всё ппц мне настал работаю 7 дней в неделю! xD,negative
random_18344,#деньзащитыдетей#люблюмоюдевочку😘😘,positive
random_08474,Активный отдых),positive
random_12414,Варворство в Англии набирает немыслимых оборотов,neutral
random_19067,"Давай со мной за звездами 🌟😍😌
Давай наберем их гроздями😇✨",positive
random_09468,вот что значит))))),neutral
random_20731,хочу себе такого попугая,positive
random_18720,"Дева ( 12 сентября )
12 сентября, четверг

Девы, вы любите тех, кто делает вам больно!",neutral
random_15890,"Год назад, ровно год назад я, и еще очень много счастливчиков в этот день по настоящему поняли вкус свободы, радости. Почувствовали на себе, на своём теле(душа не понимала в чем прикол вообще) гражданскую жизнь😊 У всех по-разному сложилась, или сложится жизнь, но этот день будет объединять нас всех. ""Фаязов, куда ты собрался!!!"", ""ДОМОООООООЙ"". Ураааааа!!!",positive
random_09082,"Обсуждали вчера Таины одноклассники по Вайберу тему Детского Мира на Лубянке. Сегодня мы эту тему раскрыли 😊. Кому - что, а нам - Джейк из #TheAdventureTime . (За сегодня Давид его то Финисом и Фербом назвал, то Грэгом каким-то. Трудно запомнить современных героев)))) #CartoonNetwork",neutral
random_11154,"Как всегда-кайфово,драйвово,энергично и вдохновенно. Спасибо!!! #Rizups",positive
random_07107,А где лось?,neutral
random_07222,Мой муж художник и експерт.....,neutral
random_12404,Четки купи блеать!,negative
random_00773,"Ура, Я подстрелил Зайца!. Собрав их 20 штук, можно обменять на+1% рейтинга!",neutral
random_05748,пишем свои ники :D,neutral
random_01970,"Гуляя с ребенком в парке увидела эту пожилую пару,идущую за руки под осенней листвой,очень трогательно....",positive
random_11436,Интересная запись попалась на глаза. К чему бы?,neutral
random_08914,Красавец:D,positive
random_03072,У вас есть ощущение приходящего праздника?Настроение новогоднее?),neutral
random_18841,"Рома, один из МиниТестов показал следующий результат, смотри ниже. Много других тестов здесь - vk.com/minitest",neutral
random_20972,Опубликовано фото в Instagram  @ Площадь Ленина ,neutral
random_14519,А где коментарии?!(,neutral
random_09941,Крутой парень решил сделать себе тату,positive
random_15678,То самое чувство когда ты маг😂😂😂,positive
random_15048,Хочешь себе такой оригинальный мяч?),neutral
random_16629,пациккккккк,neutral
random_07597,"Кто без греха, пусть бросит камень в Дёмушкина, смывшего ошибки кровью - СЕГОДНЯ 7 МАЯ СВОЮ ДНЮХУ он встречает с боевыми ранениями, и вышел ли из больницы - пока не знаю...",negative
random_07821,"По результатам теста, Я - Женя Ранетка",neutral
random_19885,вот Наташа!,neutral
random_13731,я домой!!!,positive
random_19145,"Никогда, и ни за что не ешьте помидоры возле компьютера #ru_lh",neutral
random_01369,"- Ишь что задумали. Они думают, мы думаем что мы и, правда, думаем, что мы так думаем, а мы только думаем, что мы так думаем, я думаю…

© Спанч Боб",neutral
random_01821,Вратарь женской сборной Исландии до 17 лет =),neutral
random_04258,#деньвишиванки,neutral
random_19767,Мрачные тени - дублированный трейлер 2012 (Джонни Депп),neutral
random_00955,"Noize MC- Ты не считаешь.Live At  ГлавClub ,Спб. 6.03.2010.",neutral
random_11058,Позорище какое,negative
random_20151,Я просто люблю жирафов))))))))),positive
random_03990,Ты всегда впереди!!!!!!!!! не зависимо от плевка))))))),positive
random_18557,ВОт такие?,neutral
random_20690,"  Нажми на ссылку, похихикай!))))",positive
random_18468,:*моя ты печенька ),positive
random_02362,Студентка)))))^^,neutral
random_14372,"Я хороший мальчик,я делаю то же самое что и плохие, но хорошо! :) ​",positive
random_00490,Новый зал для школы танцев!,positive
random_08430,"Почему Вкрнтакте нет кнопки ""Подтвердить, что я отсутствую на этой фотографии!?""",neutral
random_06239,Хана. Экзамен был напряжным... Гребана керя...,negative
random_09612,Напоминание :Завтра состоится встреча Новый год в коттедже.,neutral
random_08269,"Сегодня случился красивый закат, запечатлел)",positive
random_05851,"У верта было так много дней рождений, что он уже не хочет празновать очередные))",neutral
random_20344,"Государственная дума РФ.: Запретить  въезд в РОССИЮ, лицам, которые 
оскорбляют, в высказываниях, РОССИЮ. Запретить лицам, которые 
позволяют себе оскорблять Россию,
 обогащаться за счёт России.",neutral
random_16706,нравиться*,neutral
random_05622,балдею от этой песни))),positive
random_04290,"сукааа хотела книгу почитать...так,тут разве будешь читать из-за шмурдяков разных...",negative
random_08236,Рада одобрила допуск иностранных войск на территорию Украины,neutral
random_07187,"""Любовь к своим работам это все равно, что любовь к малолетним девочкам, это преступление, за которое вы понесете тяжелое наказание.""

что",neutral
random_09096,временная тату),neutral
random_15088,видео относится к последней записи на моей стене),neutral
random_11703,Как Вам?))),neutral
random_08484,Не ставь точку там где сердце ставит запятую!!!,neutral
random_20840,"По факту всё верно.

Подписывайтесь! ",neutral
random_02906,"РГАСПИ. Ф. 17. Оп. 166. Д. 585 Л. 19–20. 
Товарищ Сталин и компания подписывают дополнительные лимиты на расстрел русских людей
За две недели, с 31. 01. 1938 г. по 15. 02. 1938 г., должно быть расстреляно не менее:",neutral
random_18143,"было ужасно весело.. смотрим видео с 6-ой минуты, я солнышко)",positive
random_16802,Новые достижения))))*,positive
random_09136,Охранник гостиницы тебе привет передавал. ))))),neutral
random_14966,Полиграфические и технические инновации DDelivery)),neutral
random_15314,"Она часами может так сидеть, слушать одну и ту же песню, вытирать слезы ладошкой и убеждать себя в том, что ей все равно...",negative
random_20058,"Белые уходят в ислам, ""темненькие"" вешают имперки, вот вам и космополитическое общество ;)",neutral
random_05133,когда в спб приедешь?),neutral
random_19882,Умер папа....,negative
random_03474,А вот эта очень душевная)),positive
random_19584,у влады стульчик маленький :33,neutral
random_09282,"Мы всё спешим, не успеваем.
Недолюбив, стараемся забыть.
И все на завтра оставляем,
А завтра может и не быть...",negative
random_20076,"не, ну норм счёт набрал так",neutral
random_18138,Тоесть можно было смотреть??,neutral
random_06098,Вечер с любимой)))😘💓,positive
random_00846,"я- гений композиции! ВD
фак еа))",positive
random_20534,про тебя))),neutral
random_08258,Если сегодня кто-то поскачет в Плейс на лошадке или хотя бы на пони - захватите меня - погода нелетная,neutral
random_13695,Он инопланетянин?,neutral
random_17067,Всем сегодня вечером быть в OZZ'е =),neutral
random_05292,Иметь хороших друзей - одна из лучих ценностей жизни.,positive
random_05110,кароче мы придем сегодня и похуй что тебе завтра на работу,neutral
random_12954,Я люблю тебя Любимый.,positive
random_13544, - Ну и дятел!,negative
random_16483,#мойсладкийпупс#моясладость#мояжизнь❤️,positive
random_18799,"А в Липецк можно доставить и сколько это будет стоить, допустим заказать хочу red dead redemption. Просто к примеру.??",neutral
random_07077,Дурачимся^^,positive
random_17571,"Он такой же как и все.....но он мне нужен!!!!Потому-что с ним я такая как есть,а он и не пытается меня изменить.......",positive
random_09457,Скоро там такое будет что мама не горюй Хотели нас пограбить что бы еще пожить но увы уже не получиться все краны закрыты вот и возникает что делать а все как обычно придумать псевдо идею для социально не защищенных массы о равенстве .Ес в любом ее проявлении сам развалиться дело времени !,negative
random_09731,Павловский Посад 6:00,neutral
random_01277,Концерт. Солдат 2012 2,neutral
random_13119,Как тебе?))),neutral
random_12729,С прессой..),neutral
random_12184,Я всегда буду рядом,neutral
random_20968,"Знакомьтесь, Наталья Огрызко",neutral
random_15902,на новый год поступило предложение руки и сердца!!!! вот так...,positive
random_15764,Очень большая киса),positive
random_08709,Саске не соска саске класный!!,positive
random_07008,"это правда. простое ""ясно"" в ответ, это словно те6я взяли за волосы и хорошенько приложили лицом о6 стол.",negative
random_18233,"Что-то я совсем перестал любить людей...Возможно это потому, что...",negative
random_13503,Смотрю расписание мы опять в Чинарах будем стоять 1.5 часа((,negative
random_14662,Уехал на выходные в Харькiв,neutral
random_15819,я смазливая хуйня!,negative
random_19230,моё солнышко)*,positive
random_04292,вот что тварится в мозгу ванька на уроках,neutral
random_01991,"в больницу,покровка",neutral
random_10381,"Дорогие ,  любимые гости и друзья )) Завтра мой последний день в качестве кальянщицы Ведра гвоздей , приходим делаем финальную запару 😁 и пробуем новые миксы. На смене будет очаровательное создание на мое место, по имени Кристина , знакомимся и провожаем меня ))",neutral
random_08070,"Вот, решил поделиться с вами впечатлениями от своей вчерашней поездки в Луксор. Читайте, оставляйте, пожалуйста отзывы. Буду благодарен.",neutral
random_14173,Рыкламирую свой турфирма - - Все! чартерные рейсы из Хабаровска на сайте www.sxpo.ru,neutral
random_16356,"Темный эльф, помоему удачно))",positive
random_21179,люблю тя зараза ты мая:****,positive
random_10147,"756э!ребяяят,я скучаю!))",positive
random_06403,Клааасс!!!,positive
random_01471,Детёныш Оцелота,neutral
random_12082,дыня мята вишня ;D,neutral
random_19963,"Самый лучший отпуск!!!!!!!!!!!!! Как же было весело и хорошо!!!! Хоть и море нас не радовало водичкой в 9 градусов - мы все равно купались) Плавали с дельфинами, гуляли ночами и спали днем на пляже) После такого отдыха теперь бы недельку отоспаться!!!!!",positive
random_20560,"Продам Микрофон Samson Go Mic
Покупался летом 14 года.
Продаю за 3600-3700р (торг)
Фулл комплект + стойка + поп-фильтр.
Состояние идеальное, идеален для подкастов.
Продаю в связи с покупкой нового Samson Meteor
Все подробности в лс",neutral
random_06437,какая она смешная,positive
random_19333,лаврищев и де тройт-ВОЛК в овечьей шкуре-ваши активы у алёнки-шоколадка такая-я не сара-делюсь инфо.,neutral
random_20539,Кто больше подходит Вике?,neutral
random_09664,Михаил Бондарев - Иван да Марья,neutral
random_10801,"это только сильно одаренная я могла уронить рацию антенной вниз ((( и это за неделю до отпуска. естесно антенна сделала прощальное ""хрясь"" 
новую рацию купить не успеваю, буду клянчить по друзьям-горнолыжникам- пода-айте бедному неимущему пятачку-у-у рацию в горах поюза-а-ать",negative
random_07091,"Посвящается Ксюше Тарасевич:  

Между нами разница — семь лет,
Но с годами тоньше эти грани.
Мы взрослеем...(Не стареем, нет!😊
И поэтому друг к другу больше тянет.
Я знаю, нелегко найти таких, как ты, ДРУЗЕЙ.
Ты согреваешь сердце мне
улыбкою своей!
Всегда стараешься понять, утешить, подбодрить.
Печаль и радость ты со мной готова разделить.
Тебе доверить я могу заветные мечты...
Мне очень-очень повезло, что у меня есть Ты!",positive
random_04211,вспомним детство)))и однокассетный серый магнитофон)))),neutral
random_09559,моя Анюта [id153036475|Сара Сарян],neutral
random_11376,"Я абсолютно согласен! Журналисты - это не писатели, или поэты, это отражатели реальности. Если они начинают пропагандировать своё отношение - это уже не журналисты.",neutral
random_07862,"я только домой пришла..
и теперь на ушах)
завтра еще полдня.ох.

ты как?",neutral
random_03554,только смотри сидя стуле)))))!!!,neutral
random_13638,Предание о древни украх))),neutral
random_14767,Может кто хочет со мной в ИКЕА сейчас мотнуться?,neutral
random_02140,"Если бы вы смогли стать самому себе другом, хотели ли бы вы себе такого друга?",neutral
random_01360,"Я хочу остаться сумасшедшей, жить так, как я мечтаю, а не так, как хочется другим..👻

Пауло Коэльо",positive
random_19665,Почти как ты мне написал))))),neutral
random_05754,"Сборная гимназии, тем временем, чемпион Минска по ""Интеллектуальному многоборью"" (6-8 классы)",neutral
random_11173,"Зажигательная пуримшиль. . .В Московском театре ""Шалом"" торжество Пурима - праздника национального единства и любви. У евреев считается днем спасения от врагов",neutral
random_01556,"в последний день, в последнюю ночь. я себе уже даже не удивляюсь",neutral
random_11627,"Девичник в общаге!!под лозунгом:
Вы скажите друзья нужен мне на хрена этот козел,если ко мне он не пришел?
Я выгрызу зеньки твои.
Я не со зла.Я от любви",neutral
random_00236,голосуйте за кращого!!,neutral
random_04338,надо ведра есть бп,neutral
random_18516,"тарзан :D 

потренируй его боевой клич) ты же любишь подражать)",neutral
random_14611,"Что может быть общего между этими картинками?! Не могу отгадать! 4 буквы. 
 ",neutral
random_13971,"В комнате было 12 цыплят, 3 кpолика, 5 щенят, 2 кошки, 1 петух и 2 куpицы. Сюда зашёл хозяин с собакой. Сколько в комнате стало ног?",neutral
random_03253,Вон оно че!!!,neutral
random_03412,Ребята!! Кто-нибудь знает где скачать Microsoft world бесплатно в интернете? Заранее спасибо!),neutral
random_02831,"О если бы знала, чего я хочу. Сижу вот без дела, сижу и ворчу. Пошлите чего-нибудь, я оплачу.",negative
random_17253,"Брат, ты узнаешь этого чувака? (22 года спустя))))",neutral
random_11697,аее в Карпаты :D,positive
random_16881,А чё старые телефоны в Питер не могут звонить?!,neutral
random_02612,Я на Спрашивай.ру,neutral
random_20655,Немецкий журналист: Берлин передает Привет ополчению Донбасса!,neutral
random_00743,серёжинька :3,positive
random_00133,"Ну ,я подозревала это .",neutral
random_07913,"Контакт зло!! Мотаюсь по городу и столько мыслей приходит, по поводу того, что в блогк написать, но как только попадаю за комп - моск парализует!! :))",negative
random_01126,Маше понравилось))))),positive
random_11566,"где лавочки, блять?",negative
random_21086,"Люди-странные существа...Они хотят чтобы все было по ихнему...Они считают, что имеют право распоряжаться чужой судьбой, чужими чувствами, во благо своих идей, желаний и целей...Они прибегают к различным методам...И очень часто просто вынуждают, заставляют делать так, как они хотят...Но они забывают, что даже заставив выполнить их волю, они не смогут заставить забыть...не смогут заставить перестать или начать чувствовать...Люди, помните, что каждый человек волен распоряжаться своей судьбой так, как он хочет...",negative
random_10057,"Прости, что не манты",neutral
random_01398,"РАСПРОДАЖА !!!
Любой оттенок лака всего 16 грн.!!!",neutral
random_11593,"Муж готовит кушать, так приятно на это смотреть",positive
random_01675,"Самое милое видео,только для тебя 😂😂😂",positive
random_02204,"Зенит 3-1 Порту) ДА!ДА!ДА! ВОТ ЭТО МАТЧ) Я ЖЕ ГОВОРИЛ, ЧТО ЗЕНИТ ПРОБЕДИТ!!!)))",positive
random_10686,Практически идеальная стрельба + скорость и золото наше!,positive
random_08324,"Эх, скоро в Финляндию! Порвем финов!!!)))",positive
random_10215,"ЕБТВАЯРОТ,ГДЕ СНЕГ??????",negative
random_15915,"Ну, лицемерные, лживые, подлые суки, отвечайте!
Добропорядочные и правильные тоже отвечайте!",negative
random_16539,"[id18510949| - этот человек, ворюга поганая!!!",negative
random_10274,"Котики, все готово! Завтра жду вас!
И не забываем, что я все еще в халатике:)",neutral
random_00962,Люблю тебя.,positive
random_08599,"ЭТО ПИЗ**, ТОВАРИЩИ!!!!!!!!",negative
random_04708,Ты очень похож на Бориса Моисеева! А на кого похож я? - ,neutral
random_20334,скучаю ...,negative
random_20654,"Немного о еврейском понимании свободы слова. Вот выложил на стене еврейской группы ссылку на статью о истоках их национального праздника. Через час был уже в бане, а сообщений и след простыл, хоть все было без мата и оскорблений, строго по существу. Для наглядности сделал скрины каждого посещения)",neutral
random_19787,"Как хочется добраться ""до своей тишины""...",neutral
random_02549,красотка))),positive
random_06379,В твоем вроде стиле...,neutral
random_19451,ДДТ - На небе вороны,neutral
random_06946,ахахах))Все смотрим!),positive
random_18259,Вобщем ладно. пишите если шо,neutral
random_15559,кысочки Кутузова),neutral
random_02149,"КОНКУРС!!! 

Приз: Mini-комплекс/когтеточка в ПОДАРОК!..

Правила простые:
1. Добавиться в Друзья: 
2. Сделать репост данной записи к себе на стену.

Победит Тот, у которого будет наибольшее кол-во репостов (более ста).
P.S. Для быстрого получения Подарка, просьба периодически самим оповещать меня о своем кол-ве репостов.

Желаю Всем Удачи!!! И Шикарного Настроения!)))",neutral
random_17211,Послушай)),neutral
random_19916,"Supermax — проект австрийского композитора и продюсера Курта Хауенштайна (14 января 1949 — 21 марта 2011), основанный в 1976 году. Музыка Supermax сочетает в себе соул, фанк, диско, джаз, рэгги, африканские ритмы и интенсивное пульсирующее звучание, что сразу же стало его отличительной особенностью.
Третий альбом ""Fly With Me"" включающий хит ""It Ain't Easy"" стал для группы SUPERMAX международным прорывом, после чего Курт Хауенштайн оставляет шоубизнес и уезжает на Карибские острова.",neutral
random_19760,"Умничка Юля!)а насчёт ""тоже неплохо"" ты аккуратней - не каждый дебютант забирается так высоко;-)",positive
random_06194,"Друзья, нужно проявить две пленки - одна обычная цветная кодак, а с дргуой все несколько сложнее. Это какая-то советская ЧБ чувствительностью от 16 до 64 (точнее не скажу), экспонированная где-то в 1980 году.
Так же буду благодарен за подсказу где можно отсканить пленку. Можно без обработки - прямо RAW'ы негативов.",neutral
random_07515,"Half Life уже портировали на Linux благодаря Valve. Было бы круто, если бы еще портировали легендарные герои 3",neutral
random_05248,"Говорят когда ночью не можешь уснуть, значит ты кому то снишься. Я не пойму кто уже месяц там сериал смотрит про меня?",neutral
random_06173,кто нибудь фоткал салют 9 мая? очень нужны фотки!!!,neutral
random_07787,"❤ Судить меня дано лишь Богу, другим я укажу дорогу......",neutral
random_12855,"Вот это взаимопомощь, удивили!!!",positive
random_14536,"С ними всегда можно и подурачиться и тебе не скажут ""Ты же взрослый веди себя прилично "" )!!!!!",positive
random_13187,Ебанутый ),positive
random_17029,""" если человек вам снится- значит он хочет вас увидеть"" 
О ДА! ИВАН ОХЛАБЫСТИН, ЙЕН СОМЕРХАЛЬДЕР, ДЖОННИ ДЕП, МАРИО КАСАС И ЕЩЕ МНОГО КРАСАВЧИКОВ МЕЧТАЮТ МЕНЯ УВИДЕТЬ!",positive
random_05589,"АААееее, сегодня побегаем!!!)))",positive
random_20230,Тёма хорошо палучился как это было давно)),positive
random_10110,Смех как тебе?))),neutral
random_04498,"Я узнала ""Кто ты из ""Гарри Поттера""""
",neutral
random_03986,"Как встретишь Новый Год, так его и проведёшь.
Судя по всему, 2012 будет стабильным:D",positive
random_20816,Отлично провели день с родителями😃✌🌟💥🚗,positive
random_11827," Говорят, VIP-номер в 25-м поезде МСК-ВРН стоит 17 т.р. Зато там есть душ, микроволновка и двуспальная кровать.",neutral
random_00709,Вот где начало передовых технологий.,neutral
random_17444,"На столике 5 фруктов: 
1.Яблоко 
2.Банан 
3.Груша 
4.Персик 
5 Апельсин 

Какой выберешь ты? Твой выбор много говорит о твоей личности. 

Результаты: 
1.Яблоко = значит что ты человек которому нравятся яблоки. 
2.Банан = значит что ты человек которому нравятся бананы. 
3.Груша = значит что ты человек которому нравятся груши. 
4.Персик = значит что ты человек которому нравятся персики. 
5.Апельсин = значит что ты человек которому нравятся апельсины.",neutral
random_12677,мальчик мой ты меня любишь??,neutral
random_09678,У квадратного стола отпилили один угол. Сколько теперь углов у него стало?,neutral
random_02864,Я люблю свою  мамулю =)),positive
random_08644,"Чё за зверьки? Вроде говорят на русском, а мозг картинку не воспринимает. Наверно научный эксперимент.",neutral
random_13209,Сайленц мне пожалуйста,neutral
random_08696,Ты самая классная подружка))***,positive
random_17229,"Я тоже так хочу)))) клип, созданный человеком, который посетил 42 страны за 14 месяцев",positive
random_04505,Знакомьтесь это Бетси),neutral
random_12740,"ПРЕДВАРИТЕЛЬНАЯ ПРОДАЖА БИЛЕТОВ
МАЁВКА! ПЛЯЖ №1 
тел. 050 830 64 49",neutral
random_04729,под 1 минус,neutral
random_00226,"
Ребята мы ведь можем по 4 часа в день трудиться. нас рабски используют.Платят медный грош или совсем забывают заплатить.",negative
random_08852,"напомнило зверство, почему-то",negative
random_21226,Выходные??? Не знаю...Не пробывал....,negative
random_03592,"В нотариальной конторе по адресу Коммунистический пр., 49 работает ТУПОРЫЛАЯ ОВЦА. Опасайтесь люди.",negative
random_18093,Для чего сибирские мужчины использовали данный костюм?,neutral
random_02023,Ассаи ОМ вполне можно считать альбомом года! Хотя еще подождем Alai Oli Satta masagana,positive
random_06884,ееее. теперь будем раскатывать в туры в правильном мерче #бложек #seecrees,positive
random_09634,"Друзья по путешествиям, я нашел классный город-призрак для очередного приключения! Едем?",neutral
random_20636, Медвед зарегался ВКонтакте!!!),neutral
random_11273,"Серёжа, скоро весна)) Пора найти девушку! Одна моя подруга тебе подходит. Узнай кто: 
",neutral
random_05295,"Lito Don't Stop 2014
Фильм фиолетовой команды + P.S.;)",neutral
random_17868,Для настроения) Девчонки просто тащатся)),positive
random_16936,Ура! Теперь я не андроид!!!! ))))),positive
random_04000,легкая эротика),neutral
random_10665,"«-Непереживай, я Румун скоро!» © Цыпа

он этого не говорил, это тебе так послышалось",neutral
random_13167,Для королевской особы. ))) 6 кг.,neutral
random_19061,"Леплю пельмени...первый раз в жизни...если можно, дайте кто- нибудь пару дельных советов, чтоб я не облажался)",neutral
random_20662,Что это такое???,neutral
random_13064,"Пиздато сегодня день провели) Спасибо, бро!)",positive
random_17430,"завтра суд епта,перед ним можно че-нить употреблять,а?",neutral
random_08232,"опять этот кондом путлер. Путлер ты убийца, готовься к расплате пидорок",negative
random_07692,ХОМЯЧОК НЕ МОЛЧИ,neutral
random_11034,веду себя как тряпка..,negative
random_02926,"Деревня, тазы, норм норм)))",neutral
random_20781,"Отгадай загадку! К
тебе
пришли
неожиданно друзья…
у
тебя в
холодильнике стоит:
водка,
сок,пиво! Что ты
откроешь
первым?Если не
отгадаешь-
ставишь мою фотку
на
сутки на
аву.
только честно.
(которая
больше
тебе
нравится)",neutral
random_08212,"Хватит мне нервы трепать. Определись. Пошли меня нахуй и радуйся жизни, или же пошли нахуй всех остальных и порадуй меня.©",negative
random_03510,"поговорим о шопинге!....задрало отсутствие всего,в наших магазах...Совершая ходки в основном в наш масс маркет, лицезрею отсутствие фантазии у производителей одежды...как вариант решаю пробежаться по мужским отделам,иии ..о Боги ))в ключе популярного нынче Swag тренда, решусь все таки на приобретение мужских рубашек,свит шотов,футболок с надписями....Вообщем всей душой прониклась в мужской мир!......P.S. #типавот#",positive
random_14135,Я ж позаботился катнул жалабу на непристойные порно видео ролики))),neutral
random_02146,"как вы думаете в 4 части assassibs creed умрёт хтото из героев, этот опрос для игроков assassins creed",neutral
random_12496,"АГ СПбГУ - лучшая в стране школа по географии.


Собственно географический рейтинг.



Страница где все рейтинги
АГ СПбГУ - лучшая в стране школа по географии.


Собственно географический рейтинг.



Страница где все рейтинги
",neutral
random_21070,"Девушки, всем кому обещал звезду с неба, не обессудьте что с моря! Берите что есть!!",neutral
random_07481,Шевчук связался с Чубайсом...понятно за чьи права он радеет,neutral
random_05943,"

Все кто желает послушать нормальный рэп и вообще хорошо провести время в тёплой дружеской компании могут без особого труда воплотить свои мечты в реальность 
10 февраля в баре Засада (ул. Балонина, 5)

Старт в 18:00

Стоимость входа:
для Парней 100 ru
для Девочек Freе

Полученное удовольствие - бесценно!

НЕОБХОДИМО БРАТЬ ПАСПОРТ!!!

",neutral
random_11576,посмотри как на тебя похожа_))))))))),neutral
random_04723,"Вот идеальный пример того, что фильмы нужно смотреть в оригинале или на худой конец с субтитрами. Ведь даже при закадровом переводе многое теряется, а при дубляже и того больше. Я конечно не отрицаю что есть и качественная озвучка, но с оригиналом она не сравниться.",neutral
random_14240,"Прости меня солнце...что то как то вообще я ахамела, ВК не захожу...звонить не звоню......Позор мне!!(",negative
random_17715,Ворона ты сегодня мне приснился)))))хехе,positive
random_17650,"Теперь могу с уверенностью сказать что наша Агата беременна. Котята будут к Новому Году. Принимаю предзаказ) на фото папа и мама. Мама британка прямоухая, папа британец вислоухий. ",neutral
random_11109,"Если вдруг вы стали для кого-то плохим, значит много хорошего было сделано для этого человека.

Лев Толстой",neutral
random_14011,Ну правда ведь),neutral
random_11281,я не могу без тебя слышиш не могу немогу ночами спать слышиш не могу немогу писать и есть тоже не могу я без тебя как  свеча тухну на ветру,negative
random_07906,Легендарный Сырный Соус Heinz,neutral
random_04969,У тебя трапы в друзьях.,neutral
random_04761,"Бедняга Петушок, неграмотный совсем, никто не научит.",neutral
random_17195,"и такое вот состояние Киева считается НОРМАЛЬНЫМ и НИЧЕГО ОСОБЕННОГО НЕ ПРОИЗОШЛО! 

Правильно. Стадо должно жить в хлеву засранном!!!!",negative
random_00068,Кажется кому-то нужен директор по свежести,negative
random_02685,но 20 часов дома это же очень мало....((( ничего не успеешь...,negative
random_09789,"Люблю свой порочный город. Город грехов. Город, который никогда не спит. Который никогда не даёт почувствовать себя одиноким. Который ненавидишь утром, безразличен к нему днём и просто обожаешь вечером и ночью",positive
random_11519,Дарю тебе букет котов!)),positive
random_14524,"Играю блиц, трёх-минутку, у соперника остаётся 10 секунд, у меня минута, соперник спокоен, не спешит. Победа? Нет... оказалось три минуты на ход, блин.",negative
random_09416,тем временем в маге,neutral
random_01570,Погодка радуееет:),positive
random_01241,"Главная способность человека - способность увлекаться, заблуждаться и совершать ошибки.
Когда она исчезает, человек умер.
Или же её никогда не было - значит, он никогда и не жил.
         Книга Мрака",neutral
random_01285,еле еле проснулся.......,negative
random_01112,Экстрим-камеру Contour отдам в хорошие руки. Недорого.,neutral
random_13058,На руинах Донецкого аэропорта | Сводки и новости Новороссии,neutral
random_06786,Песня которая занимает 23 место в еврохит топ 40,neutral
random_04828,"Inhoteb
Ты спишь тихонько подганяя ветер
Ты молишь бога о сутьбе
тот мир вкотором тихо ветер колышит кудри
темные твои
и щястья просишь- сон как море
то прибавляя то усмиряя шаг
шепнет тебе что мир наш светел
и мысленно ты поднимаясь ввысь
все забывая о притяжении земном
ты задевая облака коснувшись неба
видишь море и сон твой правда лишь слегка
не может быть в реальном мире
и как всегда когда ты это понимаешь
ты падаешь тогда и просыпаешь
и сон твой будет пусть знаменьем
и в жизни ты добйошся высоты
пусть будет путь твой тих и светел
слова поэта неуместны когда он видет совершенство
и я испортить лишь могу твой сон пускай лишь он решает
куда вести тебя сквозь тысячи миров
но пусть твой сон о том не забывает что и поет когдато был влюблен",neutral
random_14394,"Приглашаем в крупную немецкую компанию!
Заработок: продавец-консультант-10-20 т.руб.,
Менеджер-25-60 т.руб +автомобиль VW POLO с логотипом компании.,
Старший менеджер-рекламный агент-60-150 т.руб и выше +автомобиль Mercedes класса C,E,S.,Porsche .
Бесплатное обучение, поездки в германию за счёт компании.
Звоните 89273173560 Елена.",neutral
random_20618,забавная дискуссия)),positive
random_06128,не дано мне его заправлять),neutral
random_11959,Крестничек💪,positive
random_17691,"Ну вот. Психологическая драма под названием ""Аспирантура"" окончена. Занавес. Аплодисменты.",neutral
random_12390,Радуемся теплым денькам 🌞🌺🌷☀️,positive
random_17296,Почти как Южный!),neutral
random_02148,Приглашаю посетить  автомоечку с полным спектром услуг!!!,neutral
random_11199,Тяжело будет жирдяю Просвирнину в тюрьме,negative
random_01823,Хорошего настроения),positive
random_14630,всё.я в печали(,negative
random_01114,4 минуты: полет нормальный.,positive
random_14835,помниш? хах. просто красавы.....,positive
random_18879,Я Русский Оккупант,neutral
random_09009,"Простите, но я просто не могу не рассказать это друзьям)",neutral
random_13271,"я завтра еду в Москву кому интересно звоните
+380507008687",neutral
random_10947,Вокруг непроглядный туман ,neutral
random_03536,"Девушки надоели приставать?!? Говори, что гей! Одного на всех не хватит, а любить можно только одну.",negative
random_03571,Гоша пострадал и получает помощь,neutral
random_07720,Никто не хочет посмотреть футбол на свежем воздухе?),neutral
random_05945,"Я только что, благодаря твиттеру Ани обнаружил неизвестную песню Виктора Цоя ""Атаман"" и это самые сильные впечатления этой недели.",positive
random_03641,я просто ЛЮБЛЮ!!! И лишних слов не нужно,positive
random_20386,"ебать лох,я ебу=)",negative
random_01656,"Мне говорить «прощай», не ново,
Но с каждым разом больше боли.
Отчаянность сжимает снова,
Мои мечты в своей ладони. 

Влюбленности прекрасен взлет.
Парят в объятьях крылья – руки.
Но рок мой без промашки бьет,
И падает душа на лед.
Примету знаю наперед,
Что нежно полюбить к разлуке.

Во встречах мне отрады нет,
Мои привязанности – прах.
Я больше не скажу – привет,
Чтоб «умерло» прощай в устах…
28 января 2014 г.",negative
random_01023,"Если двум людям суждено быть вмeстe, нe вaжно сколько рaзлук, слёз и бeд они пeрeживут, судьбa их всё рaвно соeдинит...",neutral
random_11184,"ну эту полюбому слышала,но я просто тащусь по этой песне...",positive
random_16955,Понтовая Юлька)),positive
random_12784,"Хочется ехать.В никуда.Просто ехать.Слушать музику и смотреть на проплывающие мимо деревья,поля,облака.Днём и ночью ехать,ехать и ехать,чтобы никто не трогал.Никто",positive
random_12302,"=**Аленка, хорошо,что ты меня вытащила в деревушечку на этой недели))Втроем нам было очень весело))Буду скучать за вами*))",positive
random_07156,Го на фестиваль! :3,neutral
random_10998,инна. version 2.0. теперь и без голоса.,neutral
random_14750,И комнату мою бы:-),neutral
random_02406,"ты должен знать, чего ты хочешь",neutral
random_13326,"=(((
ну спасиииииибо(",negative
random_13388,ищу приключения,neutral
random_07972,"На фоне участившихся в России дел по оскорблениям чувств верующих атеисты решили собрать подписи за закон о защите чувств неверующих. Неверующие тоже способны оскорбляться, да еще как...",neutral
random_09274,"Автозапуск с телефона. Цена модуля 4190p. Сим карта с безлимитным интернетом в комплекте. Управление с помощью программы на платформах Iphone android Windows. Прослушка салона. 
Работает как совместно с автосигнализаией, так и без нее.",neutral
random_04109,В Горловскую школу срочно требуется учитель начальных классов!!! Приглашаем Магистра наук!!!,neutral
random_14525,Остров Искья,neutral
random_16864,хипстер №1 на селе!,positive
random_03289,"ТЫ ПОЙДЕШЬ, Я ЗНАЮ 
 vk.com/odessa_projectx 
А ПОСЛЕ ЭТОГО ТЫ ПЕРЕДУМАЕШЬ 
 vk.com/wall-40984579_896

АХХАХАХАХ",neutral
random_10824,"[id1|Pavel], как то жалко заявки))лучше бы убрали мне ограничение на друзей))))",negative
random_13273,"Мальчики и девочки, подскажите ресторан с хорошей восточной кухней, м???",neutral
random_18983,НЕ заставит задуматься только Богом забытого человека!,neutral
random_03401,"История о том, почему Паша Файвс носит бороду!!!",neutral
random_10069,"Вернулась, наконец. Довольна, счастлива, отдохнувша. Родная комната встречает стикером ""существование предшествует сущности"", как обычно.",positive
random_19239,аха))) вот и торт на свадьбу тебе нашла)),positive
random_18275,"Я не грущу, Я просто заебался улыбаться.",negative
random_05059,это мой друг)!!!,positive
random_04237,Ну и начнем год с мимишек ),positive
random_14427,Кто мне теперь напомнит про близость сессии?,neutral
random_05710,"Руслан Радионов, МиниТест «Какая твоя профессия в будущем? » показал результат ниже. Много других тестов здесь - VK.com/minitest",neutral
random_14757,Я только что оценила твою внешность одним из этих вариантов:) А что ты думаешь обо мне?))  vk.com/app1986378_284392242,neutral
random_16751,Новогодняя тяга 310 кг 🎄,neutral
random_19618,ЭТО ДЛЯ ТЕБЯ ТЫ ЭТОГО ДОСТОИН!!!!!!,positive
random_14008,"НАСТЯ Я С ТОБОЙ ВСЕГДА В РАЮ!!!!!!!!
""Мне рай везде, где я с тобой!""",positive
random_16184,закрыли на КАРОНТИН!!!! =),neutral
random_08288,Ахахахахахахахахахаха...,positive
random_19662,"Когда забываешь, что ты не в Интернете. 
#SaveKompot",neutral
random_19953,Я бы пошел..если бы не четыре пары.,neutral
random_18533,пне ужастно скучно ((( чего делать,negative
random_06692,тебе какую??))),neutral
random_00956,вы сумасшедшие! но стали такими родными и любимыми!!!=*,positive
random_02984,Наконецто я влюбилась.............,positive
random_14167,"Люди, не смешите. Неужто этот Вконтакт так важен для кого-то, что изменения интерфейса так всех напрягли? Что ж против новой версии Word никто не бастует?))))))))",neutral
random_13113,"[id33538515|Денис], Смертная казнь — это месть, а не справедливость. Невозможно представить, чтобы люди рождались насильниками или террористами. Общество не имеет права мстить тем, кого само породило. То есть, сначала система воспитания выращивает моральных уродов, а потом система наказаний их убивает, чтобы скрыть несостоятельность всего общества.

Общество должно защищаться, изолировать себя от преступников (тюрьма), а смертную казнь приемлема, только в случае невозможности по другому изолировать (военное положение, революции).",negative
random_15917,"Вторая часть видео с Индии.
Все кадры не постановочные, сняты за два вечера на пляже Гоа, Арамболь.
И снова, никто из героев не подозревает об этом видео, хотелось бы найти хотя б девушку, которая поет :), думаю, ей будет приятно.",neutral
random_09783,В Бишкеке несколько сотен человек штурмуют Дом правительства - Первый канал,neutral
random_16208,"Алексею Навальному дали 15 суток.

Твиттер–трансляция Петра Шкуматова из зала суда над Алексеем Навальным:

19:59. «Просьба Навального принять видео к рассмотрению — это «попытка уйти от ответственности». О как!

19:56. «Выкрикивал «Это наш город!», чем привлекал внимание средств массовой информации…»

19:54. Приговор: «Навальный совершил неповиновение…»

19:53. Судья Боровкова вышла из совещательной комнаты.",neutral
random_06088,[id141461280|С]   тобой круто каждую минуту.,positive
random_12830,вот это пиздец охуенно))),positive
random_06526,"самовыражайся,тока не с куривайся и не с пивайся)",neutral
random_03181,"Вместо того, чтобы стирать слезы с лица, сотрите из жизни людей, которые заставили вас плакать.",negative
random_15379,СКОЛЬКО ? ,neutral
random_01102,"Ребят, кто слушал пластинки в детстве со сказками...Накидайте, плиз, сказок тех времен...можно и современных...но лучше тех....МЕЛОДИЯ в основном выпускала)))",neutral
random_17297,Я продержался: 21.59 Слабо больше? Если продержишься 25 секунд - ты гений! Заходи ,neutral
random_10967,ето как рыбка))),neutral
random_15372,твой любимчик,positive
random_01833,"Когда нужна поддержка, ты обычно оказываешься никому не нужен. Но на самом деле ты постоянно никому не нужен. Просто замечаешь это лишь тогда, когда нужна поддержка.",negative
random_10687,"Так и быть, я готов сыграть следующего Джеймса Бонда",neutral
random_02347,"Первый, и последний раз)))",neutral
random_08935,"Мне нужен Шотландский миниКот светяшка! Скорее помоги мне.
",neutral
random_16781,понедельник:)да уж...ну как у томпонских говорится улыбайся и маши руками!!!:):):),positive
random_15417,Вместо свечей))),neutral
random_18428,"ЦСКА и ""Торпедо"" сыграют матч 1/8 финала КР по футболу в Подольске 29 октября",neutral
random_01523,"Словом можно убить, слвом можно спасти. Словом можно полки за собой повести. 

как ты понимаешь эти строки..и желательно с примерами...",neutral
random_15760," 
Ну). вообще Бринкманн",neutral
random_12904,"А потом я не сдержалась и позвонила. Потому что лучше быть счастливой, чем гордой. С.Минаев",neutral
random_15221,"Я сделала для тебя презентацию!
",neutral
random_15631,Стол для компьютера!,neutral
random_05559,"Сколько человеческого
счастья разбилось вдребезги
только потому, что кто-то из
двоих своевременно не
сказал:""Извини!""",negative
random_12813,Наведи на белый квадрат,neutral
random_14041,ФУТБОЛЬЧИК МАЛЬЧИКИ ПОХОДЯТ НА КАЧКОВ,neutral
random_05413,Идём с Мотом на серьёзке,neutral
random_14246,для Олечки,neutral
random_00150,"Федь, спать не собираешься?",neutral
random_06201,"Не забудь поздравить друзей с Днем Рождения! 
",neutral
random_05231,Что еще можно делать в ....?!,neutral
random_19154,делаю людей уникальными.,neutral
random_18719,с кем еще так посидишь?),neutral
random_01436,Этнические чайные Красноярска - шикарны:),positive
random_10161,А на сколько выглядишь ты?) - ,neutral
random_17776,пиздец просто!,negative
random_16049,Алекс Фоломкин - Супермаркит для поклонников 2,neutral
random_07559,"Серебряный браслет Hot Diamonds с бриллиантом
",neutral
random_05157,"ебать,старая,ну ебучая:))",negative
random_08067,"Получил радостную весть. 
Решением комиссии мне добавлено 3 года стажа государственной службы.)",positive
random_00467,Весьма интересный взгляд неправда ли?Как вам?,neutral
random_16924,"Поиграли в теннис, твоюж мать...",negative
random_20439,Флэшмобовцы!!! завтра встречаемся в 12.00 внутри м.Парк победы на второй платформе в тупике(второй конец зала напротив экскалатора) Мой тел. 89261206418,neutral
random_19564,Видео: обучение эскимосскому перевороту,neutral
random_20969,Возьму на 32!!,neutral
random_12878,...о творчестве OBITUARY ))))),neutral
random_00999,Я стал еще сильнее. Теперь я 155 уровень! Скоро ни один безумец не будет проблемой для меня.,positive
random_14063,девушку очень просто свести с ума... дайте ей понюхать одеколон небезразличного ей молодого человека...,neutral
random_04801,"Создай фото с друзьями в приложении Камеди Лаб
",neutral
random_09033,"блин всю ночь на кухне просидел)))) 
долбаный кофе",negative
random_15412,"  Женский монастырь переполнен чрезмерно пылкими дамами, начиная от настоятельницы монастыря до послушниц. Лесбиянки, гетеросексуалки, любительницы мастурбации вряд ли смогут избежать церковного скандала.",neutral
random_19515,у фотографа вчера только день рождения был ))),positive
random_08302,Продолжаю коллекцию странных видео,neutral
random_14531,"Не пали)
Если уж сдирать свежачок тохи, давай по полной-)",neutral
random_06753,В аудио новый трек!!!!!!!!!!! Ценим господа!!! Los Malos feat. D-SKIFF - Миллионер (DEMO B.R.-18 музыка: KATO),neutral
random_04124,Красотка!)),positive
random_02412,"Когда плохо: Американка идёт к своему психоаналитику. Японка уходит в себя. И только мы с подругами идём друг другу в гости..и..."" И СНОВААА СЕДАААЯ НОООЧЬ!!!,,,))))""",positive
random_04091,"Ололо, что там на тему выйти сухим из воды?",neutral
random_08392,Вы опять замутили треугольник?=)) делать не хуй что ли стало?,negative
random_15047,Было красиво днем ;)))),positive
random_16794,Че с контактом?,neutral
random_16163,"Всегда есть момент, когда дороги расходятся. Каждый выбирает свой путь в надежде, что их дороги вновь сойдутся. И вдруг ты осознаешь, что все закончилось. На самом деле.
Ты не можешь вернуть прошлое, к сожалению, некоторые вещи случаются всего один раз в жизни. И не важно как ты сильно будешь пытаться чувствовать это снова, ты больше никогда не поднимешься на три метра над уровнем неба...",negative
random_00535,• Остальная часть здесь ► vk.com/Fotiko ◄,neutral
random_16705,саня лoви махнoвщину)),neutral
random_01303,На всю жизнь мы с братом вместе.,positive
random_01421,а такой у тебя нет!!!,neutral
random_20307,"""Уважаемый Капитан Защитного Форта! Пишет вам капер из нашей гавани, сами мы не местные, порядков не знаем, отпустите в отпуск на два дня... мои катамараны отправляются грабить реку Койва, с надеждой на понимание уставший от городской жизни седой капер. P.S.Обещаю вернуться и долбить гадов с новыми силами.""
Это письмо я отправил Жеке, ответа нет... Так меня отпускаете в отпуск за свой счет? Или отчислите?",neutral
random_00457,И вторая партия.,neutral
random_17902,"Димка, интересно мнение мужчины)) ты романтик?",neutral
random_09651,Урааа...сдали!)),positive
random_04236,как тебе? :),neutral
random_12473,Нина Матвиенко: евреи начали гражданскую войну на Украине для обогащения - скандальное интервью!!!,neutral
random_14971,Долгожданный диплом!!)),positive
random_14850,кто хочет покататься на великах и поиграть в настольный теннис?,neutral
random_03394,"Очень скучаю*
",negative
random_02731,запилим пьянку),neutral
random_08730,приходите!! мы ждем Вас!!,neutral
random_04337,Люблю тебя*)),positive
random_07877,"Катюня, ну что ты стену все удаляешь и удаляешь?!...",negative
random_14458,"ты ведь не была такой - жизнь меняет,оставаясь невменяемой серыми днями.. летят недели, а тому первому никогда не понять что он наделал!",negative
random_09748,Мы сделали это) теперь я Гришко)),positive
random_20379,чего-то как-то толком не работает оно,negative
random_14532,Утро добрым не бывает...,negative
random_11368,Так по ярче)),neutral
random_10509,скучно..хочу гулять..звоните 0936171816,negative
random_01179,"что то типа того, на один раз, тертий раз под ряд стало уши резать. мне по крайней мере.",neutral
random_00770,Требуются ответственные люди на работу терминальщиком в кафе встреча ( м. Бульвар Д.Д.) Механика : помощь людям заполнить информацию для опл,neutral
random_21063,волны и скалы.,neutral
random_10469,"Что делают люди когда им вырубили свет? Правильно, бегут к окну посмотреть каким еще домам электричество вырубили!",neutral
random_16750,"тебе тоже ""улыбка""!",positive
random_01964,На Ванином Дне Рождения👍😃,neutral
random_03215,"Мне повезло, что ты есть у меня 👭",positive
random_13482," 
Дамы и господа, если не трудно, проголосуйте по ссылке, сестра моя участвует в конкурсе. Заранее благодарен.",neutral
random_15080,Ты - Великой Руки Творение !!! Любить буду вечно !),positive
random_13938,"Да прикольно, только я не понял почему больше шансов выжить у кошки, падающей с 12-ого этажа?",neutral
random_02229,"Не важно сколько силы, главное
сколько храбрости.",neutral
random_10786,даунам не понять!,negative
random_04717,"Теперь у меня есть фирменная футболочка студии ""Mari и Я"" .",neutral
random_16616,"Люблю суши и ролы!!! Мммм, вкуснятина!!! 😍😍😍😉😄",positive
random_10200,"Радость у всех разная, у нашего кота - это трава!",neutral
random_18674,ВДВ Беларуси,neutral
random_18278,Чувак это репчик:D,neutral
random_03637,"Девушки, ходите в спортзал, одни плюсы от этого:
Красивая фигура, довольные парни, здоровые дети.",neutral
random_20850,малая моя люблю тебя :****,positive
random_15637,"Начало наших гулянок, начало наших достижений, начало конца!!!!!! Какое классное чувство - никуда не спешить!!!!!)))))))",positive
random_08209,Просто колечко. В гарнитур к подвеске. )))) Серебро и опалы.,neutral
random_19988,вот!! воооот!!!,neutral
random_20258,В бою мемов я выступаю на стороне Поросенка Петра.,neutral
random_01963,Архив журнала | D Y S T O P I A,neutral
random_06231,"Ура Карачун победил браво! Но Юля имеет за собой последнее слово.
 А как тяжело им расстаться!",positive
random_06803,продам газ пишите в лычку,neutral
random_18022,Блин!!! Одна остановка оставалась до дома когда дождь влил!,negative
random_00166,"Рив Гош, или несколько слов о воровстве.",negative
random_16040,Нееет наш разговор!!!,neutral
random_18454,"Давай Лама, давай отрывай...",neutral
random_05320,куплю 2 колонади 1 флюгер,neutral
random_13645,У меня родилась прекрасная дочурка Виктория Сергеевна!!!Самый счастливый ПАПАША!,positive
random_05418,жди ответный:Ъ,neutral
random_14293,Совершилось! Наш Бог благ!,positive
random_09630,"Азербайджан становится ""большим израильским аэродромом""",neutral
random_11052,"Пусть жизнь будет сладкой!!!!
",positive
random_05777,Пускай это побудет здесь !!,neutral
random_16102,Мясо выращивается из клеток животных в лабораторных условиях / Мега медицинский сайт,neutral
random_07164,"Харе задротить, завтро на 11 возле ТД .:)",neutral
random_09608,"Здравствуйте! Мне нужен шифон, который задерживается в воздухе после взмаха, т.е. самый тонкий. Подскажите пожалуйста. Заранее благодарна.",neutral
random_01249,"Булгары, скиньте с себя ярлык ""татарин"", пока не стало слишком поздно!",neutral
random_17515,"Наконец ,мне объяснит кто- есть Российские войска на Украине ,или нет?",neutral
random_07392,"а тут припев 
восторги!",positive
random_04943,"Бывает,идешь по улице и понимаешь что тебе нужно в другую сторону, но если развернуться и пойти назад, то люди подумают что ты дебил.",neutral
random_06327,"ТЕБЯ ВСТАВЛЯЕТ, ТЫ ВСТАВЛЯЕШЬСЯ, ТЕБЯ ВСТАВЛЯЕТ, ТЫ ВСТАВЛЯЕШЬСЯ, ТЕБЯ ВСТАВЛЯЕТ, ТЫ ВСТАВЛЯЕШЬСЯ, ТЕБЯ ВСТАВЛЯЕТ, ТЫ ВСТАВЛЯЕШЬСЯ",neutral
random_14668,"Ура! Весна пришла весне дорогу)! День всех милых и не очень дам позади)!Еще ближайшие два дня мы будем наблюдать за фотографиями цветов, за моими любимыми фотографиями цветов)!! За этими редкими видами тюльпанов!!)) А мои вот цветочки и подарочки сидят дома и отказываются зафоткаться, так скажем не публичные)))Эх, или я такая не девчонка 21 века))!! Все кто поздравил - спасибо, кто не поздравил - отомщу))!!!  Впереди только тепло, ожидание лета, новые возможности и похудение)))! Ибо -2000 из моего бюджета))! А жаба то душит) Я ж по натуре жадина-говядина))...да и не могу упасть в грязь лицом перед моими товарищами по спору)!! Поняла, что хочу семью, хаски и фруктовую нарезку)...И чтобы все таки те самые сорок кошек ждали по приходу домой))...Ваша бабуля Женя)!",positive
random_09026,"Рада отменила скандальные законы ""16 января""",neutral
random_07604,Пришли мне косточку для собаки! ,neutral
random_10854,Александр Кондратчук пред 1 тебе в стучалку!,neutral
random_12659,"[id83350680|Елизавета], в этом очень тяжело не признаться)",neutral
random_11690,а я вот эту,neutral
random_11713,«Дзынь!»- разлетелись мелкой стеклянной крошкой розовые очки…. Потому как не фиг…,negative
random_03102,Дима умер в январе,negative
random_00114,Просто космос!,positive
random_17716,манюнечка наш=)))),positive
random_08873,"Успей забрать свое пожелание тут »»» 
 ♥♥♥  ♥♥♥",neutral
random_17405,"даже после твоих выебонов, так и тянет к тебе. 😌",positive
random_12890,кто в пиратов играет щас?,neutral
random_19360,Тёёём ахахах) было классно),positive
random_00469,"Вот этот бит стоит 4600, цени",neutral
random_10523,Зевс альпинист!!,neutral
random_00163,"Всегда буду ценить тех людей, которые 
в трудный момент скажут: ""Я с тобой!""",positive
random_09261,"Вот неожиданное моё открытие - не про Пикник и не про АРИЮ, думаю ты заценишь!",neutral
random_03796,"Танцуем под ДДТ - Это Всё
",neutral
random_07949,Добавлю в союз!!!,neutral
random_02227,Кто ты из Зеленого слоника? Тест можно пройти тут 👉 vk.com/megatest#523acf80e4b044784e52eda9,neutral
random_12284,"Это просто чудо-пес! Меня уже и покусали, и поцеловали! 🐶😚🙈 @ Бульвар на Ульянова ",positive
random_19858,"День поцелуя
",neutral
random_03206,Я очень жду от тебя Мандарины. Давай играть в Ёлочку вместе! ,neutral
random_07814,"Ладно утром проспал, ладно в учебе зае*али, но когда у меня оторвалась нитка от пакетика чая тут я просто сорвался.",negative
random_17439,"Красный призрак бродит
По моей земле.
Дураков, слепых, он водит
В своей мерзкой мгле.

Не прозреть нам, нет.
Еще тыщу лет!!
Надежды тоже нет,
Вобще нихрена нет..

Нас убивали выстрелами в грудь,
Теперь же сами дохнем под отравой
Услыште, подойдите кто-нибудь
Взгляните, вот он я, в канаве..

Чую пуля моя уже отлита.
Или налита.
Не забывайте тех, кого убили,
Ибо они убьют вас..Завтра!",negative
random_05323,Ура!!!вот и второй ВУЗ уже позади!!!!!!,positive
random_18435,"  Подмосковье: Кавказец-русофоб Давид застрелил из травмата парня, который пытался его поставить на место - Правые новости - news.nswap.info",neutral
random_11995,Всем Смотреть!!=),neutral
random_18688,Э РОН ДОН ДОН - ГИМН МДК (УСПЕШНАЯ ГРУППА),neutral
random_17074,ОБЪЕМНЫЕ буквы из пенополистирола,neutral
random_15348,мои самые любимые*,positive
random_19340,Кто хочет помыть мне мою любимую?,neutral
random_17944,хочу енотика...,positive
random_12678,"Качай руки,Еб*шь трюки!!!",neutral
random_20305,ПОЖАЛУЙСТА ПРОГОЛОСУЙ ЗА МОЮ ДОЧЕНЬКУ ОЛЮ НАЗАРОВУ №135  ДЛЯ ЭТОГОПЕРЕЙДИТЕ ПО ССЫЛКЕ НАМ НУЖНЫ ВАШИ ГОЛОСА.ЗАРАНИЕ СПАСИБО.ПЛИИИИИИИИИИИЗ ВЗАИМНО,neutral
random_17344,Бля да ты ёбнутая на голову.,negative
random_07478,"Продолжаем! Получив вызов от [id8887028|Асёнка Горн], передаю его [id20106896|Евгению Ботеву], [id217787637|Алексею Лузянину] и [id230786031|Максиму Петухову]",neutral
random_17200,"Органики!!Уже есть расписание на  грядущий тетрик!:))
Там просто пипееец...!!!!(((((",negative
random_16217,"У кого есть подобная форма? Отзовитесь, очень надо!",neutral
random_17173,Не_симметрично и тюбингов нет.,neutral
random_19243,"Сегодня я в полной мере осознал, что я очень мало сплю, когда намазал на зубную щетку гель для волос и очень не сразу понял, что что-то не так....",negative
random_20627,Перебрался в Портер на Крещатике! Приходите в гости ; ),neutral
random_15983,"вдруг сердце остановилось, и я почувствовала запах роз",neutral
random_03235,"ого какой мен)))Васюня,ты как обычно в отличной форме!)",positive
random_15126,"Спасибо тебе, любимая, что ты просто у меня есть. Ты- моя надежда и опора. Люблю тебя*",positive
random_02563,"А вот когда врубаешь пылесос или музыку очень громко, только одной мне кажется, что звонит мобила, домашний, да ещё и в дверь кто-то ломится???)",neutral
random_21262,"""понаехали""",neutral
random_19196,"ТАИЛАНД от 1271 $
Ко Чанг  Спецпредложение на вылеты 18.12",neutral
random_17123,Братик я очень скучаю и люблю))😘,positive
random_05051,"Скучаю по тебе, маленькая(",positive
random_07753,Немного футбола! Днепр-Тотенхем - 1:0 (Коноплянко),neutral
random_13711,"Ребята, проверяем себя на крутость. Must listen music:",neutral
random_04894,Уже коллекция!,neutral
random_03083,"Губер, Эдуард Иванович —  ...  Главный труд Г. — это перевод первой части ""Фауста"", сделанный дважды: в первый раз переводчик уничтожил свой труд от огорчения, что он не был пропущен цензурой; затем, благодаря ободрению и руководству Пушкина, он исполнил его вторично; великий поэт местами редактировал перевод
(Брокгауз)

о_О и что теперь - вводить текст в собрание сочинений Пушкина? С пометой - руку приложил, но где - неясно.",negative
random_17089,"Чтобы такой подарок парню или девушке, родителям или детям был еще лучше, важно выбрать для этого качественные фотографии. Представьте, как красиво они будут смотреться на шоколадных плиточках весом всего 5 грамм. А вот на упаковке можно поместить большое фото, которое станет обложкой для этого необычного альбома. Проявляйте фантазию и делайте ваш набор еще более оригинальным. На коробке можно написать пожелание, которое будет выполнено красивым шрифтом и написано поверх фотографии. Небольшую надпись можно поместить и на каждой из 12 или 20 плиток.",neutral
random_20721,"Даже не знаю, кого поддержать в сложившейся ситуации.  Мне понятны мотивы обеих сторон (если информация, которая поступает извне, истинная). 
С первого взгляда кажется, что произошло что-то ужасное и немного становится страшно. Но если разобраться, то чего-то выходящего за пределы человеческого поведения не случилось. 
Всего лишь столкнулись лбами два человека со стальными яйцами. Оба человека с принципами, которым нет предела. И всегда летят щепки, когда эти принципы не совпадают. 
Но самое обидное в произошедшем, что между этими людьми оказалась тряпка...

Хорошо, что здесь мало кто поймет о чем я.",neutral
random_02216,Хорошие слова и без лести,positive
random_15942,"Напишите в личку свои пожалуйста номера , поменял номер , спасибо))",neutral
random_18367,Шото я сёня в солярии подгорел=))),negative
random_11694,ушла курить вместе с холодной ночью..тсссссс,neutral
random_20131,Лето пришло:D,positive
random_20075,"У мусульманина спросили почему ваши девушки одевают платки. Мусульманин вытащил с кармана 2 конфеты одну в обертке другую без,и сказал выбирай.Человек выбрал в бумажке сказал что она чистая.Мусульманин сказал ""Вот и ответ на твой вопрос.""",neutral
random_03706,вот че ваще из волги можно сделать,neutral
random_18562,У меня есть фото и по лучше:))),neutral
random_13986,"хочу,) хочу,)хочу..)))",positive
random_19267,Вам нужен админ в группу авто  тюнинг,neutral
random_15525,вот всегда так.. тока спать собирусь... так кто нибудь зовёт гамать..,neutral
random_02008,"А у блондинки-белие ботинки,рыжая собачка и крутая тачка... А у меня брюнетки-губки как конфетки, класная фигура и совсем не дура))",positive
random_01113,"Смотри в центр секунд 30 не моргая, потом куда-нибудь посмотри)))***",neutral
random_03741,"Егорко)) 
мы завтра тебя будем рвать на британский флаг)))
готовься!!!",negative
random_14518,РОССИЯ-ЧЕХИЯ 4:1  КРАСАВЦЫ,positive
random_13592,"Моя первая радость – моя вечная боль
Моя дочка родная – ангелочек ты мой
Пролетело  полгода как мы не с тобой
Ты у Бога навеки нашла свой покой
Облачка окружают тебя в небесах
Наша встреча и счастье – лишь в моих снах
Сердце рвется на части и слез не унять
Знаю – плакать не надо, но лишь на словах
Как же больно, Родная, жить без тебя
Ты живешь в этом мире – в душе у меня. #люблюсвоюдоченьку👼👼👼",negative
random_17991,"Не знаю, как вам, а по мне так эта девчонка - самый мега-крутой персонаж Игры Престолов. Без вариантов!",positive
random_09449,Замечательные выходные)))),positive
random_02578,"Я узнал Кто ты из фильма Три мушкетера
",neutral
random_12407,сенит тоже лохи,negative
random_10281,Backstage - фотограф Евгений Чернецкий ,neutral
random_02454,Гриша песню про рыженьких )),neutral
random_03264,бесишь меня!!!,negative
random_21153,"Конфетный жор.
 А конфет нет((",negative
random_02452,"Просто супер! Ребята, где найти песню, которую поёт Данил, 14-лет?",positive
random_05816,Хочу любви и нежности) и чтобы спать)))))),positive
random_11400,"там написано,что эти штуки 10 кг весят О____О",neutral
random_06837,"Я прошел задание ""Удели время огороду"" в игре ""Легенды снов"". ",neutral
random_03312,Не надо множить сущности без должного на то основания.,neutral
random_04365,Чем тебе не классика?)),neutral
random_13643,"Время покажет, кто любит, кто дружит, а кому ты и нафиг не нужен!",neutral
random_04820,посты ниже порадовали аххахахахахха,positive
random_16382,"Катя и Ира  , вы мои лучшие перделки!))))",positive
random_10754,"ТЫ ХОРОШИЙ,МАЛЕНЬКИЙ МОЙ ЧЕЛОВЕЧИК!!!",positive
random_08419,"прости, я просто удаляю всех с семейки и буду отдавать старницу",neutral
random_04661,У нас разыгрался спор - Слизерин vs Гриффиндор :D,neutral
random_10793,"У меня нет родной сестры,
зато есть подруга, она мне
как сестра!",positive
random_11737,"Нашла характеристику мужа с детского сада. ""Ребенок общителен, хорошо кушает,спит и играет."" 30 лет прошло, ничего не изменилось.",neutral
random_15919,СТАТУС ЗБС. !!!,positive
random_01853,"друзяки))) давно.... 
ай лаффф ю)))",positive
random_06367,Когда припрётесь уже?),neutral
random_18623,Вот такая вот у нас регистрацияя)),neutral
random_20805,Ебать они ебланы О_О Такое делают)),negative
random_01763,"сэнкс, песня классная)кстати, а чего ты коммент про золотого теленка и 12 стульев удалил?тебе понравились?",positive
random_01906,Бывший замруководителя «Росатома» попался на хищениях бюджетных средств,neutral
random_05101,сегодня первый раз за 3 года одел шапку.,neutral
random_06251,"Добрый вечер!!! Представляю вашему вниманию мой новый совместный трек с очень талантливым человеком. Слушаем. Ценим. Коментируем. Рассказываем друзьям. 
NesteR - 
Скачать трек можно здесь: ",neutral
random_08342,Макс Буркацкий в читальном зале на 14 этаже МГУ.,neutral
random_10651,Я очень люблю свою соседку Олечку!!!!!!!!!,positive
random_01154,"а спать я ложусь поздно, потомучто в спальной комнате лежит разобраный мотор, и пахнет бензином, поэтому спать можно с открытым балконом, а ночью так холодно, поэтому сплю днем)",neutral
random_21197,"Можно завоевать девушку даря ей каждый день цветы ,отправлять по 20 смс,звонить по четыре раза в час,спорить о том кто первый положит трубку.
И для чего? 
Чтобы потом каждый раз оправдываться что ты не нашёл где купить, или у тебя нет денег на цветы,злится от постоянных звонков и вопрос почему ты не звонишь,выслушивать что ты раньше был внимательным писал ей часто а сейчас не уделяешь ей внимания.
Так лучше изначально ни кем не претворятся что бы потом не оправдываться",neutral
random_08286,Мы с тобой ВМЕСТЕ))),positive
random_11888,спортивные хомяки затарились...,neutral
random_10370,"Вид из моего окна, жесть как круто",positive
random_06370,ЗАРОБАТИВАТЬ МОЖНО ТОКО ЧЕРЕЗ 2-3 ГОДА,neutral
random_01271,что вчера было?,neutral
random_15708,мясной ваще),neutral
random_15313,"Я зарегистрировался посмотреть,не зарегистрировалась ли она,чтоб посмотреть не зарегистрировался ли я.",neutral
random_11155,они украли моего воргенчика!,neutral
random_09442,Супермен спасёт! Я знаю.,neutral
random_12451,Ебать как я люблю играть в WOW,positive
random_20860,"Блинъ, это круто!=)",positive
random_13901,"[id20263143| красивая девушка. Особенно последняя фото, если аватарки пощелкать",positive
random_13877,Приветик!!! А я что-то редко стала заглядывать на сайт ))) Собираемся с девчонками заглянуть в караван в следующую пятницу. Вы работаете?,neutral
random_20732,"Монолог Зеленского, Вечерний Квартал от 12 апреля 2014г.",neutral
random_18594,"ернадес, 40 секунда. вот так!!!!",positive
random_02785,Ковалев (остальные у меня в видео) :),neutral
random_06281,"У Данила дорогой мобильник?
",neutral
random_07697,Вернись я все прощю )))))),neutral
random_17639,начфин не дал отксерить документы?!,neutral
random_12778,завтра будем петь )),neutral
random_06505,Вот как надо барабанить,neutral
random_17847,почему всё так?..почему не иначе?...кто украл мою удачу и где её прячет?,negative
random_09253,Легких путей к успеху не бывает!,neutral
random_13466,"Народ, хочу с вами поделиться короткой, но любопытной историей. Это 100% реальные события, ничего не выдумал и не приукрасил.",neutral
random_04142,"ахуенно ,блеать,я попал под дождик...",negative
random_01574,Как я провёл лето,neutral
random_17809,а дома лето,positive
random_12918,"Солнце,вспомни прошлое ))))))))))))*** Домашние караоке жжет =)",positive
random_01863,моя любимая сестричка родила малыша )))))))я счастлива ))),positive
random_14989,"во мне живут два человека. один хочет обустроить свою жизнь, реализовать себя и оставить после себя вечное. а другой ебал это всё в рот и пошёл смотреть телик",neutral
random_07489,"Интересно, какие фильмы будут снимать после всей этой заварушки? 

При условии, что человечество не погибнет в лавине ядерного пожарища.",neutral
random_07867,Сегодня я стала тетей!!!!,positive
random_06374,Приветствую Вас Адель. У меня к вам предложение партнерства в новом направлении млм бизнеса который не требует обемов и продаж. Это уникальная новинка на мировом рынке телекомуникаций. Моя стран. patokavv.worldgmn.com ,neutral
random_14320,"Желаю Вам чашку ароматного кофе, сваренного кем - то для Вас... Неожиданного телефонного звонка от хорошего друга...Любимой песни по радио... Желаю просто приятных мелочей, от которых радостно на душе...",positive
random_12810,"Если вы сказали, не подумав, значит вы сказали то, что вы думаете!",neutral
random_09693,Слабо погода ахуела,negative
random_14489,(из альбома Зерно) #music #новости #маваши,neutral
random_19598,"А есть ли будущее у Савика Шустова на Украине ? Савик не истинный ариец, не получится ли так что сейчас Савик лижет попец ,а завтра получит в голову свинец...",negative
random_10571,это из клипа,neutral
random_11845,Бывший воронежский участковый рассказыват о МВД в статье для РР:,neutral
random_05302,Только не в армию!!!,negative
random_05839,"К размышлениям о занижении подвески, стоит ли оно, лишаться таких возможностей.",neutral
random_20990,Сыр с грецкими орехами...... мммммм и под вино!!!!,positive
random_08284,"Любопытные фотографии обнаружились на сайте Олдмоса (oldmos.ru), и это фотокарточки самого что ни на есть кондового советского времени - 60 - 70-е годы прошлого века. Собрания мусульман возле московской соборной мечети по случаю религиозных праздников:",neutral
random_08963,"Взрослые не матерятся при детях, дети не матерятся при взрослых..",neutral
random_04386,Молод и прекрасен))💋💋💋,positive
random_09078,ksonline.ru/stats/-/id/1342/ Разместили мой комментарий))),neutral
random_07114,Хорошо проведенный вечер в кругу семьи...,positive
random_15516,Переписка с моей подругой - компромат на всё.не правда ли?)),neutral
random_14188,"Однажды мне приснился сон, в нём я был персонажем книги...",neutral
random_07104,"#жадо намекает )))
 @ Mocsow",neutral
random_18465,Какая из них более няшная ?,neutral
random_05724,о законе Димы Яковлева,neutral
random_17765,Мои красавчики😽,positive
random_16079,"и снова чётенькие перчаточки,в которых даже ребёнку удобно играть))",positive
random_11233,"Крылатая Качеля — Орлец, свободная орловская энциклопедия",neutral
random_20373,"Продам свой велосипед Author Solution 2013
Цена: 2900 гривен",neutral
random_10785,"Нормальный развал такой))))

",positive
random_04706,До и после))),neutral
random_04271,"У моей будущей девушке будет скромный и самый красивый, но немного разбалованный парень...",positive
random_14155,"Отличная поездка. Очень жалко, что не увиделся с теми людьми, которым не смог дозвонить и спасибо тем, кто встретил как нужно;) я вас люблю! ах да, забыл, да я ж дибил (с).",positive
random_16503,Вот как просил),neutral
random_16131,"пап,я люблю тебя очень!!!очень!!",positive
random_09597,"ладно я то хоть в полюс* 
а ты что:-катечка я сейчас сдесь написию,можно?можно?ну разреши катечка,ни кто не узнает*",neutral
random_02213,Люблю- люблю тебя солнышко**************,positive
random_17880,"АААААААААА,Я КАК Я ЛЮБЛЮ ВЫХОДНЫЕ)))))))))))",positive
random_20931,"Мои 300 засранцев, которых я никогда не забуду 😜",positive
random_04864,"Сергей Швецов (первый зампредседателя Банка России): «Если идет экономический спад, население должно реагировать рационально, а не покупать по несколько телевизоров и несколько стиральных машин. Оно должно понимать, что завтра может потерять рабочее место, поэтому склонность к сбережениям здесь должна превалировать над склонностью к потреблению». Вот так кривое зеркало видит Россию. Все повально бегают и скупают бытовую технику. Смешно слушать подобных артистов. Господину Швецову нужно посетить, например, Псковскую губернию и взглянуть на ""сумашедшие"" очереди в магазины. А еще думаю зайти в школу или сад и взглянуть на зарплатный квиток учителя, а после этого уже делать вывод о возможности что-то купить, а тем более сберегать.",negative
random_17331,Кто я для тебя??=*,neutral
random_09296,"видео закончилось на том моменте, где мне плохо стало:)",neutral
random_15209,Всем сердцем с родителями Сережи. Дай Бог вам сил пережить эту ужасную трагедию. Не-вы-но-си-мо жаль ...,negative
random_00762,Порочная любовь,negative
random_00940,"хахахах Темыч))) Это было шикарно, так много в течение 3 часов, я давно не смеялся) последняя твоя аж до слез, про римский легион)0ахахаха",positive
random_12117,И вам не понять. Насколько я счастлива. Когда просто нахожусь рядом с ним..,positive
random_19068,"Вторжение инопланетного звука на нашу планету =) 
Аеееее !!!!!",positive
random_09004,класс! обязательно попробую,positive
random_07560,Рассвет в Коблево,neutral
random_18368,"Мой паблик, поддержи подпиской :3",neutral
random_12503,"А сейчас вчерашний жопорукий сварщик-очкарик рассказывает нам, как у пиндосов строятся и работают авианосцы.
Снова отбирает хлеб у рабочих.
На этот раз он погнул авианосец. Не весь конечно же, так — фрагмент...",negative
random_01696,кого то напоминает)))),neutral
random_19254,"Фотографии на 25.12,  на первом снимке прошлый год на втором вчерашнее состояние льда.

Фотографии с сайта ",neutral
random_11768,"Продаётся большой бубен с настройкой.
Дорого.
(70Х9) см,
Обод  - клён, 4 слоя.
Мембрана - бело-коричневая шкура козла
с длинной бахромой..
Настройка - 16 винтов,
крестовина - антропоморфная плетёная, 
обмотка - св. коричневая замша
Ключ для настройки и колотушка прилагаются.
Подробности - в личку по запросу.",neutral
random_17264,Эх поня поня,neutral
random_14991,"Моим ❤️любимым❤️девочкам посвящается...
Я вас никому не отдам 😉💋🍓",positive
random_09250,    МОЙ РАЙОН. Я ЗДЕСЬ ЖИЛА 17 ЛЕТ)))))),neutral
random_12299,Красиво!!!,positive
random_00135,"как поет, как поет)",positive
random_10423,Может быть и так?),neutral
random_03847,"Убью тебя!!когда то)))) 
и люблю конечно ж Пашкульская моя любимая внуця..))",positive
random_08465,Авиационная бомба.,neutral
random_05946,крестины нашей доци!!!,positive
random_06248,"Друзья, есть такой философский вопрос. Считаете ли Вы себя взрослым человеком? Если ""да"", то когда Вы им стали? Что Вы вообще вкладываете в это понятие?",neutral
random_17028,"перехожу)....хорошо , когда рядом есть человек, который меня действительно понимает и не даст мне упасть)",positive
random_08513,"Если бы у тебя даже был другой выход, то у тебя его нет!(с)",neutral
random_14787,11 мая давала интервью каналу «РБК». Мои пять минут славы :),positive
random_04360,"Закончено! Итого: 7 часов, краски осталось еще на 2 такие картины и Море удовольствия! Давно так не увлекался!",positive
random_19898,"""Мальчиком он мечтал быть глухонемым""Д.Селинджер.",neutral
random_00783,"Юра, мы всё просрали....",negative
random_15178,"
Я в восторге просто))",positive
random_12539,"Добрый день.
Скажите пожалуйста, когда планируется закрытие навигации для маломерных судов?",neutral
random_08562,"НАТОЧИЛ Я СВОЙ ТОПОР
ГОЛОВЕШЕК ПОЛОН ДВОР!!!!!!!",neutral
random_03841,славный рецепт бухла от Кагадеева Сергея,neutral
random_14727,"Древняя китайская пословица гласит:
""Невидимой красной нитью соединены те, кому суждено встретиться, несмотря на Время, Место и Обстоятельства. Нить может растянуться или спутаться, но никогда не порвется.""",neutral
random_17404,"Ревнуем мы, не потому что не доверяем, а потому, что боимся потерять.",neutral
random_12981,и разрыв сердца),neutral
random_06823,"Представляем вашему вниманию трэйлер к рекламному ролику элитной гостиницы «Персона +».

Расположенный в южной части Волгограда гостевой дом «Персона +» относится к числу мест отдыха с самым высококлассным обслуживанием в стране. Более подробную информацию вы можете узнать по адресу personahotel.ru/ и vk.com/public42194948",neutral
random_09018,Операция Уран. Алабино. 23.11.2013 г.,neutral
random_16384,"Макс, я больше не могу без тебя!!! Нахрен ты поперся в ту армию???",negative
random_03758,может так?,neutral
random_03171,"- Вы уже женаты 29 лет. Какой секрет удачного брака ?
- Я стараюсь не выпускать свою жену с кухни. Если у твоего соседа трава зеленее - это значит, что ты не поливаешь свою траву. Я непрерывно говорю Лизе: ""Твой борщ великолепен. Он желание моего желудка. Ты превосходно ебашишь борщи"". Для чего я это делаю ? Во-первых, это помогает ей готовить больше борща. Во-вторых, это помогает моему желудку быть всегда влюблённым в её борщ. Сила и жизнь во власти живота. Лизе сейчас 51 год. Недавно она была в Киеве и один повар научил её готовить котлеты по-киевски. Она сказала ему, что уж теперь-то она точно никогда не выберется с кухни. 
Запомните, женщина является отражением любви своего мужа к борщу. 
Джон Бивер.",neutral
random_17711,Моя радуга знаменита! :)))) Фото номер 13 :),positive
random_20201,"Я люблю тебя)))
",positive
random_15725,Товарищи! Где в Иркутске есть прокат беговых лыж?!,neutral
random_04809,как вам))),neutral
random_08929,Любителям рэпа.,neutral
random_11265,"А ну-ка)) Артёмыш)) Бери моего Юрчика - огурчика)) 
И пойдём квас - тарас пить )) :DDD
Я сегодня добрая )) Всё за мой счёт)) Я угощаю)) :DDDD",positive
random_02503,куплю 25 черник с косточкой,neutral
random_14511,"Так-с, за ВикиПедию уплочено :) Следующим пунктом - по-честному купить пару на халяву поставленных прикольных Ондроед-игрушек у меня в телефоне (все ленюсь пойти разобраться, как там все это работает).

Никто случайно не пользовался Matching Gifts Program-ом? Наша контора тут есть:
",neutral
random_04568,задача примерно на всю жизнь - научиться управлять своим вниманием,neutral
random_11384,"Пока 40 школа не видит:Р
#последнийзвонок",positive
random_00471,"МЫ ПОРОЙ САМИ ПОРАЖАЕМСЯ НАШЕЙ ПЛОДОВИТОСТИ. Справедливо посчитав, что Арт-Хаус как жанр наиболее целостно способен выразить наше видение композиции, следуя неизменным и священным для нас принципам DIY, мы рады представить вам новую работу ""повстанческой студии партизанской самодеятельности"" - клип на одну из наших старых песен.
ВСЮ БИОМАССУ - В БОЙ!!",neutral
random_01925,это тебе надо=))))),neutral
random_00470,Спокойная хорошая песенка))) Обожаю её))),positive
random_05730,"Дружба дружбой, а поцеловать хочется, очень.",positive
random_03493,ага))) не покажу))),neutral
random_21238,Нравятся ли вам большие сиськи?)))))))),neutral
random_09578,начался первый день без никотина,neutral
random_16879,Помниш ???,neutral
random_16105,"Хуикоко торжествует, у нас и в конце мая Новый год! :))",neutral
random_07009,Олежа Grad - Это мой стайл,neutral
random_03141,Почему то эта😂,neutral
random_06947,"""То чувство, когда за последние три месяца не брал в рот ни грамма мяса...""
Да, сегодня первые 3 месяца с момента перехода на вегетарианство. Уеее!)",positive
random_10165,Первый полет на параплане удался!,positive
random_11301,Свершилось!),positive
random_17084,"Вот это погуляли..хDDD
запомню на долго!!",positive
random_17234,Что Охлабыстин употребляет??? Его кроет и гребёт все сильнее и сильнее...,negative
random_12337,"Этот кот, делает селфи лучше чем я 😱😂☝📷",neutral
random_12789,"
Тварь засуетилась .",negative
random_02047,"vk.com/fotokubiki#626771
Мне кажется тебе бы подошел такой фотостатус:",neutral
random_16418,"Сталевары в Индии сожгли своего начальника, испугавшись увольнения",neutral
random_03508,Утренняя Гавана прекрасна!,positive
random_16237,СКАЗАЛ ЖЕ НЕ ЗНАЮ,neutral
random_17134,Очень красиво)))),positive
random_00155,ты станеш моей женой,neutral
random_20468,Творческий кризис...,negative
random_06934,"""Ты выложился сегодня до конца?""",neutral
random_08149,Хочу в Китай. Очень.,positive
random_19125,Фото-охота на лося.,neutral
random_02386,Детство - это самое важное и самое потрясающее время в жизни человека!!!! :),positive
random_16094,"Девушкам надо сразу объяснять, что у тебя есть девушка и отправлять их в список друзей.",neutral
random_00769,Надеяться только на себя — отличный способ перестать разочаровываться в людях и жить с отличным настроением.,positive
random_15674,а тебя люблю,positive
random_11126,коварный замысел,neutral
random_20494,"Коллаж от Александр Лесной 
не узнаете дамочка 
с вами в таких обрядах надо на ВЫ МАДЕМУАЗЕЛЬ НИНЕЛЬ СЕРГЕЕВНА",neutral
random_17357,Как там Форман?,neutral
random_03483,Оставлю здесь,neutral
random_06772,"Клуб веселых и нетрудоустроенных, сокращенно КВН уже не тот! Смотреть ВСЕМ!",neutral
random_04703,"""Поубивают вас всех когда-нибудь"" (с) Бросайте автоматы, бегите в Ростов, пока живы",negative
random_13670,таааак надо бы повторить),neutral
random_02182,В Лазареву субботу причастились!,neutral
random_12453,Да пошел ты нахуй,negative
random_05944,Задача на сообразительность,neutral
random_08421,ава дрочная)ахха*,positive
random_09688,когда в сети появится запись твоего стриптиза??) там наверно все охринели от нашей компании),neutral
random_15463,"Как же я счастлива, ведь у меня есть ты)
Никто и никогда тебя не заменит😘",positive
random_08227,Шикарная украинская песенка)))))),positive
random_09466,а я как мудак угараю над этим) с 1:45 до 1:55 и по новой),neutral
random_17535,Я хочу тебя к себе!!!!!!,positive
random_01189,Походу это Я))),neutral
random_20384,В начале церковного года невольно начинаешь задумываться о многом. О вечном и временном. О правильном и ошибочном. Об истинном и лживом. О радостном и грустном... и есть ли смысл вкрнтакте?   Совсем неочевидно! ))),neutral
random_02027,"они и так были чемпионами по идиотским текстам, но здесь они превзошли сами себя!)) слушайте припев)",negative
random_04904,катю никто не понимает,negative
random_01657,"Димка, где фотография на аву?? Не могу общаться с вопросительным знаком!!!",negative
random_04808,ну ты и АЛКАШ  =))),negative
random_20961,"Котята, у вас выходной или вечерняя смена? Тогда всем быть! ХОДЯТ СЛУХИ, что вах-вах что за магазин будет!))",neutral
random_02622,блин. может и мне с семьей в оппозицию податься. пусть нас покормят,negative
random_12718,"После сессии отмечаем ЭКВАТОР. заинтересованные отзовитесь плз мне или Гале в ЛС, будем решать организационный вопрос ;)",neutral
random_17095,"Класс,обожаю котов",positive
random_12564,Глеб Самойлоff & The Matrixx стали победителями в номинации АЛЬТЕРНАТИВА ГОДА по версии “Звуковой Дорожки”.,neutral
random_15569,Я женился!,positive
random_16225,"Валентин, я подобрала тебе мотоцикл
",neutral
random_10636,четкая тема)),positive
random_00475,"Знакомые появляются и исчезают, а лучшие друзья — это навсегда. Потому 
что даже тогда, когда ты не знаешь, куда идешь, они помогают осознать, 
что ты идешь туда не один.",positive
random_00508,"старенькая песня, но тем не менее...=)",positive
random_16218,Таинственный незнакомец =)),neutral
random_12304,"чертовски приятно, когда человек говорит, что скучал по тебе.",positive
random_18563,Ты такое любишь),positive
random_01377,"Люди почему-то забывают тех,
кто им был дороже всех.",negative
random_17647,"Зашел в группу ""Атеист"". То, что они подвергают религиозные представления (мифы) критике - верно. Но все же не исследуют сущности этих представлений. Поэтому, достигают только иронии.",neutral
random_14735,"О Фли, о бог бас-гитары!",positive
random_00966,ахаха:) классно было:),positive
random_19832,72% человека которого ты любишь - вода.,neutral
random_20702,Для тебя смогу найти все,positive
random_09820,в контакте через 50 лет!,neutral
random_16920,"

поддерживаю полностью!
Поддержите и вы!",neutral
random_13342,Ахаха !!! Скромненько и со вкусом!!! =),positive
random_07000,Давно пора. Нехуй казну грабить.,negative
random_08409,такой счастливый),positive
random_08848,Подушечка - подарок на годовщину свадьбы😍🎁,neutral
random_01681,как быстро можна до 5 лвл дакачатся?,neutral
random_01563,[id1424349|это] где так красиво отдыхали. здорово!,positive
random_17425,Нашла нычку ,neutral
random_00902,при встрече))))),neutral
random_15152,Гаврош.)))),neutral
random_06169,люди не будьте Овцами покупайте лучшее)))),neutral
random_09978,Ассаи. Незабываемый концерт. Один из лучших вечеров в моей жизни...),positive
random_10143,"Эй, вы что там наверху делаете???? Я с такими темпами заедания горя по ненаступающей весне потом не только в сарафанчики и шортики не влезу, простыни не хватит обмататься(((",negative
random_03444,"Вечно мы тянемся к тем, кому мы нахер не нужны...",negative
random_20383,комната-мечта для... ;),positive
random_01686,Хочю влюбится на всегда  в ту которая полюбит и меня ))))))))))))),positive
random_07303,Вы показываете ВАШ богатый внутренний мир чужими цитатами и картинками с музыкой. Зачем вы это делаете?,neutral
random_12100,что напоминает!,neutral
random_17590,"интересно, если бы ОВ все таки скончалась в этот день свадьба состоялась бы. как можно родную маму променять на 19 юбку. с может Саша жить с этим.",negative
random_01726,вот тебе маленький подарочек от меня*,positive
random_02832,"фестиваль Proдвижение, Члб`15",neutral
random_16580,Отдамся за масаж!!,neutral
random_16724,"Не совсем ясно, почему главную поповню нужно ремонтировать за счет средств московских налогоплательщиков? Наглость, с которой в последнее время, бородатые жулики запускают свои ручонки в государственный карман, переходит уже все мыслимые пределы терпения.",negative
random_13159,Песня клааааасная полюбому),positive
random_17624,"Ищу попутчика Топки-Кемерово.
5-ти дневка.
выезд 6:50-7:20
Легкого, до 85кг =)
Цена вопроса 50р., заберу от дома.",neutral
random_18629,"Цветная тату. Кто знает, сильно дороже монотонной?

(фото из обшественного транспорта :) )",neutral
random_10342,Вспомним молодость? Я снова плакала....,negative
random_11010,Нинка новая звезда ютуба))) :*,positive
random_11055,"Дело было в Красноярске. Группа гопников отдыхала на берегу озера рядом с компанией геев.
Ну конечно же не могли подвыпившие гопники оставить без внимания стильных геев.",neutral
random_04738,Во еще нашел_)))))),positive
random_19811,Ищу художника!!!!!! нужен рисунок голубя с некоторыми дополнениями. Заплачу!,neutral
random_04186,Настоящее счастье — это когда в твоей жизни есть большой и маленький мальчик...,positive
random_06306,Максимальный уровень дружбы),positive
random_16082,"Я нарубила про тебя правду-матку! Чтобы поколоть об неё глаза - заходи в приложение!
",neutral
random_18044,"дурачицца с подругами*_*
Бесценно",positive
random_16620,Смотреть всем!!!,neutral
random_03125,Зачем нужно высшее образование? / GTD / Хабрахабр,neutral
random_04856,"Я под надёжной защитой, я под родным крылом! Спасибо тебе, мой хороший, за то, что ты рядом со мной!",positive
random_05467,Нужно попробовать!  :),neutral
random_14844,Самый лучший ТАМАДА!!!!!,positive
random_11673,^__^ слушал ли?,neutral
random_02794,Зацените мой фотостатус!,neutral
random_15825,"Твое лицо, когда нашел бокал для винишка оптимального размера ^^",positive
random_12000,И еще один шедевр для меня от Ирочки!!!))),positive
random_20221,"Повысили. Теперь я ""Старший консультант SAP"". Вроде и радостно, а вроде и грустно. Хотелось к такому возрасту уже бизнес свой иметь и развивать.",neutral
random_15449,куплю фиалы срочно(бп моно сказать нет),neutral
random_11727,Нужен микроблог?,neutral
random_08653,"[id8181577|Кристина], Будет ""ДРАМ"" города ...ХЕРСОНА...",neutral
random_17645,"А вот и результат совместной работы  
А также спасибо за работу парикмахеру Ирине  
make-up: Kate Gurina
Часть 1 с Ксюшей 
^_^",neutral
random_09385,С мамыной работы попросили меня нарисовать что-то к Новому году. Вот что получилось. Как вам?,neutral
random_02162,"Лучше иметь тело которое все хотят, чем хотеть тело которое все имеют...",neutral
random_09309,вот еще одна,neutral
random_18608,"Абра кадабра... иди на хуй, бра...)",negative
random_04125,"Глеб - он жаден был - соблазняется;
Завещание сожигается!
На десятки лет, до недавних дней
Восемь тысяч душ закрепил злодей.
С роду, с племенем; что народу-то!
Что народу-то! с камнем в воду-то!
Всё прощает бог, а Иудин грех
Не прощается.
Ой мужик! мужик! ты грешнее всех,
И за то тебе вечно маяться!",negative
random_05236,"Те,кому мы нужны,всегда будут рядом! ♥",positive
random_01128,"У меня острый трахеобронхит. В принципе, ничего страшного, прописали обычные антибиотики, десятидневный курс, все стандартно. 
Только вот теперь НОВЫЙ ГОД БЕЗ АЛКОГОЛЯ. Одна история охуительнее другой просто.",negative
random_17782,Знакомо?:),neutral
random_08161,мои деточки,positive
random_17288,Скоро буду;),neutral
random_14639,Хегей пригнал себе Nexus 4 за 199 баксов + 40 за доставку),neutral
random_08051,Медовой 23 ),neutral
random_19288,Наслаждайся =DD,positive
random_07387,"Эта музыка для ума,для сердца и для ДУШИ,наслаждайтесь!!!!",positive
random_16767,в УдГУ надо ,neutral
random_10182,Есть ли угроза исламизации России и Европы ?,neutral
random_17750,блин..меня эта песня плакать заставляет..аж пробирает)),positive
random_17969,"Вcем, oбсуждaющим мoи недоcтатки, 
я c yлыбкoй гoвоpю: 
""Pасслaбьтесь! Meня и такую любят!"")))",positive
random_01866,Петразаводск. ),neutral
random_03225,"Слепая и бестолковая из-за того, что люблю тебя...
💭💭💭💬",negative
random_04181,Ставь вот эту пусть она у всех останется в воспоминаниях в таком виде)))))))))),positive
random_19522,Видеоролик про сыроедение Go Raw Now на русском языке,neutral
random_20343,"люблю людей, которых я люблю!
а некоторые даже и не догадываются, что я их тихонечко люблю))",positive
random_11502,"Пишите в лист , и я узнаю с какими ( по характеру )  людьми я дружу в вк",neutral
random_04693,Вкусняшки)),positive
random_11257,"да я похуист,да у меня не простой характер......зато я настоящий......,да и кстати...я вам ничего не обещал!",neutral
random_00928,Краски жизни,neutral
random_17601,Алтайские журналисты принимают поздравления!,neutral
random_08144,Отправлено из приложения ,neutral
random_18054,"блять, насть, вот как мне узнать, какие задания делать по геометрии?",negative
random_12367,"Еще одна голова над моим камином, я снова подтвердил свой титул вершины пищевой цепи, эта особь конечно не так глупа как предыдущая но все же, было не слишком легко ее побороть.Ну как я уже говорил эволюция штука беспощадная, особенно если эволюцию олицетворяю Я, конечно до Трипл Эйча Ренди и Батисты мне далеко, но все же.",neutral
random_02419,"Вообще я человек не самый впечатлительный. То есть к разного рода убийствам и всему такому у меня довольно равнодушные отношения, жалко конечно, но чтобы какие-то еще эмоции - довольно редко.
Но этот случай буквально подкосил мою психику, я довольно красочно нарисовал себе эту картину и второй день вспоминая про это у меня по коже бегут мурашки.
Нельзя чтобы такое было возможно.
",negative
random_13578,"Дорогие Друзья!!! подписывайтесь на Наш паблик 



приятного прослушивания!

Спасибо за максимальный РЕПОСТ записи!!!",neutral
random_16323,"2 недели проектирования и 3 дня доработки в Photoshop...
Море незабываемого времени проведенного за этим проектом дает в результате неоценимый опыт.
 Наполняя жизнь радостью и счастьем исчезает вся нервозность и обретается чувство свободы перед сдачей проекта (хотя во время своего обучения такие проекты мне и не снились ). Очень рад тому что принял участие в совместной работе с Архитектором с Большой Буквы. Спасибо за то что жизнь прекрасна!)",positive
random_12880,к зиме готовы!,neutral
random_16194,"✨ГОГОЛЯ 34 SOROKA MOTORS✨ ✌🏻️
☎ 310 09 34 автозапчасти🔩📦🚘 
📞 286 54 08 сервис 🔨🔧

архив за прошедшую зиму
из разобранного и увиденного (это когда машину совсем не любят)",neutral
random_04352,Спроси меня полностью)),neutral
random_06275,"Вот так вот и провел свой день))
Как же приятно было работать с самыми лучшими девушками bashstudents) вместе сняли три ролика, четвертый - финальный на подходе)) @ МИТХТ им. М.В.Ломоносова (Университет)",positive
random_09635,"Когда кажется, что все идет против вас, вспомните, что самолет взлетает против ветра, а не по нему.",neutral
random_08061,"блин, ну вот, мама заставила ёлку разобрать(
а что, новый год уже закончился??",neutral
random_10750,Если бога нет то кто сделал ЭТО,neutral
random_05000,"Вот, сидим тут, ревём помаленьку.)",negative
random_17964,пусть земля будет пухом...,negative
random_11341,:D Да да да),positive
random_06629,Сюжет об отборочном туре будущих участниц конкурса « #Покровчаночка - 2013»,neutral
random_21181,"Эльмира, один из МиниТестов показал следующий результат, смотри ниже. Много других тестов здесь - VK.com/minitest",neutral
random_15685,МЕСЯЦ НАЗАД ПОЯВИЛСЯ НА СВЕТ МОЙ СМЫСЛ ЖИЗНИ!!!!!!!!!!!!!!!! ЛЮБЛЮ ТЕБЯ СЫНОК!!!!!!!!!,positive
random_19149,"Кусмарцев, приезжай на майские, а-то мы с Викой и Серёгой опять в зоопарк собрались, без тебя никак)",neutral
random_13288,ХВАТИТ ИГНОРИТЬ!,negative
random_03387,ну только одну нашел),neutral
random_03981,"Приветствую Артем! Поддержите моё участие в первом этапе конкурса диджеев от компании TEXACO! Для этого вам необходимо проголосовать за DJ Алексея Гладышева на этом сайте:  (я второй снизу), там нажмите на ""ОТДАТЬ ГОЛОС"". Это мне даст возможность попасть во второй этап конкурса! Огромное спасибо!",neutral
random_09812,веселая была поездочка!!,positive
random_19860,"Будем делать что-то! Зазываю!
Stepan i Meduza, презентация альбома! Йоу
 ",neutral
random_14052,от такого хочу)),positive
random_02999,"кто активно пользуется скайпом, можно получить бесплатный премиум аккаунт стоимостью 72 евро

тут заказать ваучер: 

тут ввести код, авторизовавшись: 

Обязательно проверьте не включена ли услуга автопродления премиума, и отключите ее: ",neutral
random_11809,Как хорошо в чужом городе встретить родного человека!!!,positive
random_19308,"Все, меня никто не любит!",negative
random_02686,"А сколько среди нас мужчин, в минуты гнева, хотя бы просто не повышают голос на своих мам?!...",negative
random_17035,"Андруха, я  подобрал тебе мотоцикл
",neutral
random_17177,"Так вы же местные, киевляне же... чего дома не возьмете? А.... все-такие приезжие... Так чего тогда пиздите суки. 

Бомжеватые быковатые западенцы вуйки ебаные. Цыгаркы... да принесите им цыгарки с цианидом.",negative
random_07701,"В пятницу аудитории Ф-клаба так понравилась музыка, которая играла после двух ночи, что многие просили меня скинуть музычки. Готовлю микс, скоро будет ;)",neutral
random_11195,Посылка с родины,neutral
random_18382,Всем удачи на первом икзамене!!!,positive
random_10362,"Ребят, мне кажется или это фэйк а не Женька? Отвечайте в комментах. Жду!!",neutral
random_03558,Теперь я прощён? ),neutral
random_00419,"Инженер-конструктор,инструменталист и технолог #AnyWalker #Андрей_Смирнов",neutral
random_18037,Наша покздка в детский дом на Святого Николая.,neutral
random_00556,Шикарный видос,positive
random_01639,спать бигом,neutral
random_12919,"21 век, какие наф кинотеатры, круто драм.театры). Первый мой в жизни спектакль) Оренбургский драмтеатр ""Бешеные деньги"" про продажных дев)! Мне понравилось на +100500)!",positive
random_08791,ВЕЛИКОЛЕПНО !,positive
random_10999,Бля верните меня кто нибудь я сам не могу,neutral
random_10621,Еду на Павловку! Горные лыжи!!,positive
random_06076,Сегодня рву когти на этих ребят,neutral
random_08902,"Почему люди в контакте любят хвастаться своим счастьем? Ничего особенного, у каждого оно есть.",negative
random_10763,В наличии зажигалка точная копия )))),neutral
random_09885,"28 сентября / TRANSLIPPERS

MORE of ACID, MORE of JAZZ,
MORE of TRANCE, MORE of SLIPPERS !
После летнего фестивального марафона мы будем рады повоздействовать на Вас Аудиодобром на нашем сольном концерте в
клубе КИТАЙСКИЙ ЛЕТЧИК ДЖАО ДА (СПб)
 vk.com/jao_da_spb 
Начало 20:45",neutral
random_09638,Кстати ! Хотела отметить . Оригинальное платье у Кати !!! :)),positive
random_02870,Начало охрененное.,positive
random_08193,паукан бот :D,neutral
random_18209,Свадьба Паниных. Клип.,neutral
random_15551,Кандидат!!!,neutral
random_06583,только настоящая подруга на фразу:-овца!отвечает:-я тоже тебя люблю!,positive
random_17255,"много баянов, конечно, но про мужика и колдунью прикольно :-)",positive
random_17939,"3 главы из готовящейся к выпуску книги о язычестве. В книге проведен анализ известного науке исторического и этнографического материала, относящегося к вышеуказанной теме.
 Автор: кандидат исторических наук Григорий Николаевич Базлов

­1. Мокош:
 
2. Уж-домовой ?: 

3. Ящер: 
",neutral
random_15616,"# 18 Служба спасения дом.задания (Влад), 21.11.2012",neutral
random_00560,ретро-вечер),neutral
random_03163,"я вас люблю как булку с маслом,вы мне дороже трех конфет!!!но как увижу Вашу рожу, простите тянет в туалет!!!!! (ПРИЗНАНИЕ)))))))))))",negative
random_05844,"Фууу, опять надоевшая ссаная Германия проходит. Поражений во всех следующих матчах!",negative
random_01400,Жизнь коротка! Нарушай правила! Прощай быстро! Целуй медленно! Люби искренне! Смейся неудержимо=))))))))))),positive
random_13435,Давай людям второй шанс ! Нам свойственно ошибаться ты сама это знаешь. Да и как не крути люди меняются =),neutral
random_00667,выпей лимонадик,neutral
random_10359,В январе был малюсеньким семечком:,neutral
random_05842,"Когда выезжаешь, роднуля?))))))",neutral
random_05144,Иметь сестру восхитительно ❤ 😘 😃 💕 🐾 🍓 🌺,positive
random_03466,"Димка, спасибо тебе огромное, все было вообще супер, я тебе честно скажу, я так ни разу не танцевала, как вчера на чемпионате!!!!!!!
Все было просто суперрррр!!!!!",positive
random_10742,Я только что оценила твою внешность одним из этих вариантов:) А что ты думаешь обо мне?))  vk.com/app1986378_166938494,neutral
random_06177,"Ребятки всем привет) нужна ваша помощь... нужны 2 вышиванки на субботу, на выступление... срочно...",neutral
random_05508,Самый лучший мастер сотворила сегодня вот такую красоту!)),positive
random_09234,Блондиночка в самом начале самая нормальная=))) а ваще там все телы клевые=))),positive
random_16877,Пайет пидарас!,negative
random_12324,"Предлагаю посмотреть видео ""Выиграй Nexus 7 на день рождения Android'а!"" на YouTube",neutral
random_09310,какой фильм посмотреть?????))))),neutral
random_02437,Давай на твоем испробуем?))),neutral
random_06109,Сбылась мечта идиота 😁🙌💞 #КиндерСюрпризMaxi,positive
random_14203,БЫСТРОВ МУДАК ЕБАНЫЙ,negative
random_05951,Наш выпускной✨2016,positive
random_13845,"Удачи нам завтра на коже!
Без нее никуда)",neutral
random_20102,"Теряя родных людей,  я теряю частичку  своей души,  когда придет моё время я  буду уже бездушной.",negative
random_18537,Таката на кухне ееее)) не грусти все хорошо***,positive
random_16753,"#моисамыелюбимыеродители!#люблю!
...делаю и сделаю всё,чтобы они гордились мной!)))",positive
random_12096,"Две мясные котлеты гриль,",neutral
random_06458,Киевский вокзал вчера))),neutral
random_17687,Мы в Питере!,positive
random_09690,"Всем привет, приглашаю в команду econixtc , как активных так и пассивных участников, помогаем закрыться, гарантируем обучение и рост вашей структуры. Пишите в личку кому интересно))) Даже если не хотите к нам все равно я с удовольствием отвечу на ваши вопросы=))))",neutral
random_05975,К такому меня жизнь не готовила),neutral
random_02595,Если заказать киллера для самого себя - будет ли это считаться самоубийством..?,neutral
random_19625,в зоне так красиво,positive
random_11733,"
гори-гори ясно, чтобы не погасло",neutral
random_03573,Хочется немножко сдохнуть,negative
random_12998,Без лишних слов.,neutral
random_01867,"Сибирский хаски

Тип — Хордовые; 
Класс — Млекопитающие; 
Отряд — Хищные; 
Семейство — Псовые; 
Род — Волки; 
Вид — Волк;
Подвид — Собака. 

Сибирский хаски — порода собак, выведенная как ездовая собака, одна из древнейших пород собак. В настоящее время также используется как собака-компаньон и шоу-выставочная собака.
Согласно легенде собаки породы...

Продолжение на сайте: wiba.ru/post41773

• Отправлено через ► vk.com/ranks ◄",neutral
random_16973,"cекрет счастливой жизни прост:
1.не надо нервничать по пустякам
2.все люди уроды и пошли они нахуй",neutral
random_17321,"ученая литература спасает людей от невежества,а изящная-от грубости и пошлости.(Чернышевский)",neutral
random_14001,"АКЦИЯ!!!!!!!!...того,кого я лично знаю,1 декабря,суббота(санька,привет) при поедке в Йоэнсуу цена снижена на 50%,т.е. до 650 рублей...В финляндии начинаются Рожденственские скидки....репост приветствуется....9114030447  рррроман...))
Комфортабельный автобус Toyota,8 мест,DVD,TV,тепло...в Вяртсиля угощу бесплатным кофе...)
а того,кого не знаю-одна тыыыысяча рублей..))",neutral
random_15076,вообще нефиг делать=(,negative
random_01633,"Знаете ли вы?

Известный актер Том Харди (""Начало"", ""Бронсон"", ""Тёмный рыцарь: возвращение легенды"") около двух лет назад начал карьеру поп-певца. В прошлом году вышла его дебютная пластинка под псеводнимом ""Иван Дорн"". Простое окрашивание волос и безупречный русский сделали его практически неузнаваемым.
Но, знаете, как поет его альтер-эго: ""не надо стесняться"". Мир должен узнать правду!",neutral
random_11711,Неужели Новый год?),neutral
random_17967,безумно красивые свечи..посмотри.,positive
random_05354,пишу песню...,neutral
random_12553,Совсем выросла,neutral
random_00933,Так лучше?,neutral
random_03820,У нас своя атмосфера.,neutral
random_13169,Исполняю желания. Я фея,positive
random_07893,"Ура, товарищи!!! Воды отошли!))) Воды чистые, прозрачные, что дает надежду на благополучный исход родов!)))))))))))))))))",positive
random_07431,"Что Вы на самом деле хотите получать, занимаясь креативной деятельностью? 
Благодарю за ответы, друзья.",neutral
random_07986,"И это, тоже, левой:",neutral
random_19620,Хочу тоже быть самым счастливым))),positive
random_11750,очень страшно,negative
random_12104,Мой Юный Сталкер))),neutral
random_08722,Это какой-то пиздецкий пиздец....,negative
random_10914,"Какая лучше 1 или 2, только отвечай чесно что тебе больше нравится) Было бы интересно не только твоё мнение слышать",neutral
random_19375,Кто может дать гоу про на сегоднешний вечер,neutral
random_02939,продам бп за 20 кож,neutral
random_17796,"Загрузите фото и узнайте сколько вам лет)

",neutral
random_07689,с девками в сортир не ходи!!!,neutral
random_05165,вот кто это зделал,neutral
random_07427,"Если настоящий хикка, наваливай лойсов.",neutral
random_03472,"Китайская скороговорка 
人是不是水？
不是。
人是不是火？
不是。
人不是火也不是水。
人只是人。
王是人不是？
是、王是人。
女人是人不是？
女人也是人。
Человек – вода или нет? Не вода.
Человек - огонь или нет? Не огонь.
Человек - ни огонь, ни вода.
Человеком может быть только человек.
А император, он человек?
Да, император – человек.
И даже женщина – человек?
И женщина – человек.
Rén shì búshì shuǐ?
Búshì.
Rén shì búshì huǒ?
Búshì.
Rén búshì huǒ yě búshì shuǐ.
Rén zhǐshì rén.
Wáng shì rén búshì?
Shì, wáng shì rén.
Nǚrén shì rén búshì?
Nǚrén yěshì rén.",neutral
random_15181,"Тест: Выжил бы ты на войне?

Тест определит,выжил бы ты на войне или нет. 

Пройти тест можно по ссылке » vk.com/megatest#52a8c707e4b0e541fdfd8e07",neutral
random_12224,крутая она?,neutral
random_14947,Ситх снова играет во мне! Или я настолько внушаем?,neutral
random_16946,Красавчик = ),positive
random_03488,тебе должно понравиться..релакс такой),positive
random_05694,"Если растают ледники, ничего страшного,  мы готовы)",positive
random_17423,"- ТАНЯ, ТЫ МНЕ ЗВОНИШЬ?
- Нет.
- А Я ТЕБЕ? 

Я до сих пор ржу 😆",positive
random_03021,"Мы снова постригли шкварку. Я в особом восторге от нашего усатого профиля. В глазах, конечно, печаль-тоска...",positive
random_00179,"Продаю мёд натуральный цветочный (подсолнечник) в розницу по оптовой цене: 3 литра (4,5 кг) - 650 руб, 1 литр (1,5 кг) - 250 руб., 0,5 литра - 130 руб. Доставка по Краснодару.",neutral
random_01371,"Что скажешь?

сюда залил еще их видео и аудио.",neutral
random_17510,"Таблетки ""Эриус"" закончились, уступив место таблеткам ""Зодак"". Принимаю перед сном и от этого просыпаюсь на четыре часа позже обычного, в диком ознобе (и это невзирая на сегодняшнюю жару). Настроения никакого, даже нет желания ныть. Хочется слушать, как ноет кто-то другой.
Но я совершенно не способен слушать.

Надеюсь только на 28-летнюю датчанку Марию Апетри, которая через пару недель споет мне, в результате чего я хоть на мгновение перестану быть мертв.",negative
random_13597,"нанахёпта
 я лафке эту песню",positive
random_07872,"▲Выблюй романтику,детка ©▲ Блин, вот смотрю на него и думаю: какие же все-таки у нас детишки классные будут",positive
random_04366,вот так у нас отдыхают))),positive
random_14036,"Мне нечего вам написать, подонки. Поэтому, лучше ловите мой #ВернитеМне2008. (на самом деле 2010) (вроде 2010, может и 2009) (я точно не помню) (но скорее даже 2009, да)

Послесловие: Всегда до жути пугала слотовская ''Эмаль''.",negative
random_18898,"Друзья, кто может помочь с Гердой? Дочка случайно открыла бой... времени еще 16 часов, магии 15000. Вышлю приглашение...",neutral
random_03160,Осень пора щуки,neutral
random_16179,"Внимание, в зонах D6 и D7 в этом году запрещено пользоваться громкой музыкой, холодильниками, генераторами. Они объявлены тихой зоной. Нарушители останутся без билетов. Внимание, вопрос: а в какой зоне живем мы? По-моему между D5 и D6?",neutral
random_05447,еее Игорь сменил аву!!),positive
random_14636,"Ухожу в дальний поход на сторожевом корабле ""Сметливый"" на три месяца в средиземное море",neutral
random_20826,чо не спишь малой????????,neutral
random_17883,"В грозы, в бури, в житейскую стынь, при тяжелых утратах, и когда тебе грустно, казаться улыбчивым и простым - самое высшее в мире искусство.",neutral
random_20064,По совету одного засранца перешел к просмотру Декстера,neutral
random_05616,почистил друзей..кого случайно зацепил отпишите,neutral
random_09724,"любовь-это терпеть человека таким,какой он есть.",neutral
random_11879,"Вода затопила целую улицу! Друзья, помогите мне, я в долгу не останусь! Нажми сюда —>
",neutral
random_09123,"Девушки, вы такие оригинальные",neutral
random_12159,"Солнце светит - я балдею, дождь идет - я фонарею,
я от жизни ловлю кайф - все прекрасно, IT'S MY LIFE!",positive
random_15489,"Желаю всем,хоть раз в жизни побывать на такой рыбалке!!!)))",positive
random_05882,Стасян) слушай а твои альбомы с инета фотки скачены?,neutral
random_20135,"Это целое искусство - достать жвачку из кармана незаметно, когда гуляешь в компании!",neutral
random_11264,во вторник заваливаемся играть в гта 5?,neutral
random_12628,Я тоже этого хочу...,positive
random_18066,"централ парк
мммммм",positive
random_13028,Скоро приеду 😌,positive
random_09600,Горячая штучка😃🙈 девочка-клубничка🍓🍓🍓,positive
random_08667,люблю тебя солнышко!!!!!,positive
random_20595,"ну смотри:нам надо обогнать Рому, Удинезе и Лацио.
у удинцев игры с лацио и маланом, где огут потерять очки, кьево скорее всего пройдут.
роме играть с миланом и сампой, где дай Бог набрать им 1 очко, пусть катанию проходят.",neutral
random_03711,Экскурсия в Кусково.,neutral
random_01503,"Важные люди у меня в сердце, а не в списке друзей.©",positive
random_08241,На мобилу не плескать - я в Финляндии.,neutral
random_02144,"Дорогие друзья,пришлите мне название и авторов книг,которые произвели на вас наиболее яркое впечатление...",neutral
random_18936,"..вы просыпались когда-нибудь ночью от звука работающей дрели за стеной?..я - да)).....
 -""Скажи-ка мне, милый ребёнок, в каком ухе у меня жужжжжит?- В левом! - А вот и не угадал! У меня жужжит в обоих ухах! ""..
....видимо у соседей в полночь случился трудоголистический припадок...на стук в дверь- не открыли.... громкий вопрос, не ебанулись ли они часом напрочь - проигнорили...но жужжжжать перестали...)",negative
random_10339,"я свое творчиство удалю,а то мне стыдно)))))))",negative
random_16717,в списке убитых укажут бойцов беркута?,neutral
random_20144,"""Да, сила воли – это здорово, но иногда она ведет не туда, куда хотелось бы. Лучше быть живым и здоровым, чем красивым и мертвым"" - редактор журнала ""Геркулес"" Алексей Веселов.",neutral
random_17566,теперь за употребление петрушки Россиянам светит 228 статья,neutral
random_10822,Неотразимоя ღ,positive
random_13203,бляяяяяяяяяяяяяяя даже не поздоровалась со мной(,negative
random_00884,Насос больше не нужен...,neutral
random_09498,и вот еще),neutral
random_17725,ну ты понял),neutral
random_16376,"Съездил в Лещёв. Вот так там сейчас. Место то же, да и штаны те же, что и на предыдущей фотографии, сделанной в августе 2011 года, только теперь их ""пустынный"" цвет прекрасно гармонирует с окружающей обстановкой. 

Озера Клешни нет совсем. На совершенно сухом дне зелёными кругами выросла зубровка и сейчас цветёт. 

Остаётся надеяться, что обнадёживающие обещания по паводку в этом году будут выполнены и вода вернётся. А когда вернутся прежние обитатели озера, посмотрим.",neutral
random_04151,Коротко о моей жизненной позиции.,neutral
random_16585,сумма 800 кг,neutral
random_04056,Победители конкурса Фотограф года 2012 (официальный полный список фотографов и фотографий) »>,neutral
random_17745,Этот сумасшедший ритм жизни невозможно выдержать. На недельку лягу отдохнуть;) @ Городская Психиатрическая Больница,neutral
random_08541,Доброе утро начинается с обеда и с хорошей песни!,positive
random_20050,все мы вернулись и у каждого есть своя история увиденного.,neutral
random_01253,наконец работа))),positive
random_00857,как можно это не любить?,neutral
random_02859,очень долгожданный и хороший день был),positive
random_12291,Погуляли немного с маленьким мужчиной ☺️👶🍼 @ Новая Малыкла ,positive
random_09758,лучше не бывает),positive
random_05942,"Денис, я оценила твой характер! Где посмотреть? Здесь - ",neutral
random_03516,"Просьба к борцам за свою родину и простым Украинцам, добить всех отбросов с Кавказа которые служат Нашему общему врагу путину, так-же прошу что бы вы определяли их не как Чеченцев а как национал предателей под названием кадыровцы, потому что это не Чеченцы, мы Чеченцы воюем против этих шакалов и предателей и убиваем их у Себя дома, и мы готовы вам в этом помочь на Вашей Родине как когда то это делали вы на Нашей Родине!",negative
random_11015,Сходили в ПаТиПу..😉,positive
random_01060,"Летуцие мыши, может сказать ему об этих тварях? Нееет,не стоит.....скоро он и сам их увидит (с)",neutral
random_09641,"
 ахахаха тебя вспомнила))",positive
random_18135,Sky. Модрич хочет перейти в «Челси»,neutral
random_04704,я валялась!)))))парад дураков)))ппхххаа))))посмотри котькин))),positive
random_14922,Спецназ ГРУ берет в плен украинского солдата. Слабонервным не смотреть.,negative
random_02492,"Мама, что ты делаешь?
Ахахаха, прекратииии)))",positive
random_19003,Какой-то... идеальный что ли,positive
random_19443,Я самая счастливая- я мама! ;),positive
random_00950,"Окраины, провинции души. Где низость наша, мерзость и потемки годами ждут момента и потомки, потом гадают, как возник фашизм!!",negative
random_17063,"Приятно, когда поздравляют два дня подряд)))",positive
random_06877,"ребят,давайте на оранжевый мяч млять!!!!!!!!",neutral
random_14663,Верить никому нельзя,negative
random_13286,Где в НСКе купить кофе в чалдах ?,neutral
random_14113,Самый счастливый день в жизни!!!!!!,positive
random_16574,"
Ну не бред ли?",negative
random_19848,Xquest: начало истории (самый интересный квест в истории России),neutral
random_02280,"Сладкиииий,какой же он слааадкий❤😱😍",positive
random_10765,"попробовал закосить под обработку Платона - platonphoto.com Вроде похоже, или тени чернее провалить?",neutral
random_08455,Может понравится),neutral
random_16161,Мой Пупсик)))),positive
random_05554,"18-го июня стукнуло 100 дней с моего дня рождения и была двестипервая годовщина битвы при Ватерлоо. Все бы ничего, но период, в который она произошла, остался в истории как ""Сто Дней"" Наполеона...
Совпадение?
Ой, да конечно совпадение!
ПРОСТО_ПРЕКРАТИ_УПАРЫВАТЬСЯ
Фильм ""Сто дней после детства"" тоже тут, конечно",neutral
random_00996,"К слову,моя любимая книга 📚 и единственная,которую я смогла прочитать в электронном варианте📴👀",positive
random_12562,мож еще по одной? =),neutral
random_12937,"Запомни ты нужен тем, кто первый пишет и звонит. Остальные плевать на тебя хотели.",negative
random_04522,15% скидка в магазине Мужской Одежды ЭСТЕТ. Кому надо пользуйтесь! Говорите: Хлебников Михаил Иванович 11.03.1989 г.р. и получаете скидку. Вам приятно. Мне накопление суммы до скидки 20%. Рекомендую! Одеваюсь там. ,neutral
random_06142,"для ознакомления и текст 
",neutral
random_08511,Самый лучший гайд на DOTA2 ,neutral
random_19798,Люблю самую прекрасную девушку на свете...*,positive
random_14333,"Но продолжение последовало... + 15 человек погибших и много раненых. Нет смысла говорить что-либо. Всем и так все понятно. Одним словом беспредел и просто полный, тотальный пи**ец...Проводится ли хоть какая-нибудь поддержка и защита населения - неизвестно..А тем временем, выходить на улицу стало еще опасней. Друзья, берегите себя и по возможности чаще оставайтесь дома.",negative
random_13964,"Да, я знаю что это за листья, но листья здесь не главное, воспринимать надо в комплексе! 😊 
",neutral
random_01175,Вот я нашла твое фото !!!! Ахахах =))) Сходство 100 %%% =))),positive
random_19901,"Ок, на 3 мес у меня:
1. Увеличение дохода более чем в 2 раза
2. Нанять сотрудника в магазин
3. Купить билеты на отдых с семьей 
4. Улучшить физическую форму (дважды в неделю в зал)
5. Джиу не менее 3-4 раз в неделю, 1-2 раза - ММА
6. Успешно выступить по джиу/грепплингу
7. Минимум 1 раз в неделю проводить с семьей
8. Здоровое питание, не есть что попало
9. Запуск и тест оптового направления 4MMA
10. Сделать сюрприз кое-кому до конца лета :)",neutral
random_06357,"Родные и любимые бьют больнее других. Они так близко, что промах невозможен.",negative
random_08242,теневые миллиардеры...,neutral
random_00994,От Катюши Белкиной.),neutral
random_06049,И всё-таки я жду улучшения условий на городском телефоне.,neutral
random_17569,"Никто ни прийдет и не подарит Вам машину. Не будь пассажиром! Учись ! Твори! Живи! Не важно какая у тебя машина, главное, что она чистая и﻿ исправная, готовая выстрелить в любой момент.",positive
random_09932,Я состою в этих 10% 😏,neutral
random_04021,Дипломированный инженер!!!,positive
random_15838,"Да чтоб вам, друзьям моим, утонуть в любви! 
Да чтоб вы провалились в паутине нежности!
Да пропадите вы на мальдивах на месяц!
Да я вас видеть не хочу... грустными! =)",positive
random_02733,Гепатопротекторы. Препараты для печени,neutral
random_10997,"ааааааа!!!!первый экзамен сдал!!!!!еще и на 5!!!!!))))
ууууууу)",positive
random_09887,Как ценителю....,neutral
random_01846,хочу дружить! есть желающие поговорить о космосе?,positive
random_08386,и этот день настал )),positive
random_00626,"План действий на сегодняшний день)
в 23 ,00 идем в бильярд,дальше по плану ожидаются 2 порции роллов на холяву и по пивку ""Рис"" за мой счет)
ты как?)))Так же фото отчет)",neutral
random_01187,ВОКРУГ НАС ОДНА ПИЗДЯТИНА...ТАКИХ ОВЦ НАДА ХУЯРИТЬ....ПИДАРЮГИ...,negative
random_19452,крута рубаха ),positive
random_05390,"А эшелон уходит на запад,в Сталинград!",neutral
random_20273,"/статус/
не удивительно, тварь..",negative
random_16804,"Очень классные пижамки на 2,3,4,5,6,7 лет",neutral
random_16800,Без лишних слов..,neutral
random_02010,"оооо сегодня день фсо рф 
ы...чо ...кагбе праздник у меня :-з",positive
random_07279,Митингующие в Киеве сожгли второй милицейский автобус,neutral
random_01220,"Можеш трек дать, плис)",neutral
random_06634,"Тут конкурс намечается на тему шпилей, какую фоту выставить?",neutral
random_13006,"26 мая в России может стать «страшным днем» — Рамблер-Новости  news.rambler.ru  В среде российских предпринимателей нарастают протестные настроения. B День предпринимательства — 26 мая по всей стране могут не открыться предприятия транспорта, торговли и услуг.",neutral
random_01164,"В продаже платье Lakbi, цвет, как на фото, размер 46. Цена 1000 грн. Альбом в наличии ",neutral
random_16273,раскрывай свои тайны,neutral
random_10479,"на, те Изюм минус сделал, читай ))))))))",neutral
random_14771,"кто то спит только головой на запад, кто то поклоняется богине Кали, кто то гладет трусы и чистит язык. все сошли с ума, все  помешались",negative
random_17149,про катю прям порадовало,positive
random_12297,"О любимой девушке не вспоминают, о ней думают постоянно.",neutral
random_18943,"В сухом остатке? 
Пыль... на книжной полке.
Поскольку её некому стереть.

Закат по цвету так напомнил медь,
что давит на глаза, как пятаки...

Сегодня умирать мне не с руки,
но и просить отсрочку – мало толку.",negative
random_04565,"Какая разница что говорят у тебя за спиной,
если ни кто не смеет сказать в лицо.",neutral
random_13649,"Самый лучший перевозчик!!! Рекомендую всем! Коммуникабельный, отличный водитель, абсолютно ко всем индивидуальный подход! Поездка с Маметом одно удовольствие!!! Машина отличная. Еще большой плюс, если Вам нужно перевезти своих родных и близких в преклонном возрасте,  вы можете быть полностью спокойны! Встретит, проведет, в дороге всегда заботится! Не только проффессиональный водитель, но и замечательный, положительный человечек! Рекомендую всем!!!",positive
random_02843,"извени кинул не тот трек
вот тот",neutral
random_20477,Любимая банда))),positive
random_12699,"Данное видео является ключевым аргументом в споре:
""Почему нужно срочно валить из Рашки в LA""",neutral
random_00682,"Жень, крутая аваторка))) хава нагила)",positive
random_12410,"Все, что от тебя требуется — просто начать действовать. Тебе не нужно много денег — их ты заработаешь, не нужно много знакомств — их ты заведешь, нужно только желание идти своим путем.!",neutral
random_11202,"FAQ по инфовойнам. Для тех, кто полагает, что наша страна находится в заднице | Стерва",neutral
random_02533,"Зачем, тебе я?
Если мало места, если мы не вместе.
Зачем, тебе я?
Если мало места, если тесно,
Зачем, тебе я?...... (с)",negative
random_17611,"Написала небольшое стихотворение к 10-ти летию с того дня, когда в Кармадонском ущелье без вести пропал хороший Человек, Сергей Бодров. Оно короткое, как его жизнь.
 ***** 
Кармадон. Ущелье. Колка. 
Ты прожил средь нас недолго. 
Будем помнить тебя, Брат. 
Жаль, что нет пути назад. 
Ты в сердцах оставил след 
И короткий свой завет: 
В правде сила. Только в ней. 
За кем правда, тот сильней.",negative
random_02523,"Мы- наш маленький мир, где мы веселимся, и о всем происходящем в нем, знаем только мы. 
Лето 2011-было лучшее♥",positive
random_17532,Мой новый год.,neutral
random_15974,"Утреннее пиво ""Чанг""",neutral
random_12546,Девченки с вами было классно)))) Думаю мы обязательно еще так  повеселимся)))))))*,positive
random_12360,С сегодняшнего дня работаю на ММАС 2012. Уже видел живьем GT86! Кто там еще будет?,neutral
random_06995,"Заняли 3-е место на сgс!)) Завтра утром основной тур). Принимаем пожелания удачи в асе, контакте и смс))) contester.sgu.ru/?id=5",positive
random_01566,Сестра поставила меня в тяжелое положение: мне надо выбрать. Просьба не проходить мимо!,negative
random_18575,Ебать сколько тебе лет? 18????,negative
random_02740,кто этоо? это не шило ниразу!,neutral
random_09247,хахах) что очень напоминает...,positive
random_08204,"Черная в наличии , всего за 1500. спешите, одна штука по такой цене",neutral
random_12972,на батутах прыгаю вот :D,positive
random_11516,"Сегодня был замечательный концерт. Посвящённый Дню Защитника Отечества. Всё было, по первому классу. Президент с речью выступил. Шойгу в хорошем настроении)) Весь кабинет министров. И все командующие оперативными управлениями Генерального штаба РФ. Ну и + много светской дивности.
В общем спать осталось мало, в 10.30 уже построение в Александровском саду. И снова в Кремль на концерт, но на этот раз, в Президентском полку.",positive
random_03857,МиниТест «Какого домашнего питомца тебе завести? » показал результат ниже. Протестироваться можно здесь - VK.com/minitest,neutral
random_02326,"Голосуйте за Спёпку)))Все вместе подержым его)))


.

.

Ссылка cat.nashe.ua",neutral
random_18726,"vk.com/fotokubiki#740724
Мне кажется тебе бы подошел такой фотостатус:",neutral
random_15660,"""Всю личную историю следует стереть для того, чтобы освободиться от ограничений, которые накладывают на нас своими мыслями другие люди""",neutral
random_17441,"Теперь  это смесь фейсбука, инстаграма и борд. Ахуеть.",neutral
random_00397,"к посту ниже - можете кидать свои треки в каменты, будем дополнять плейлист!",neutral
random_11363,"Верусь ты красавица, и кошечка похожа на тебя)такаяже соня)))))",positive
random_12953,4. Сходил и умер,neutral
random_05980,вчерашним),neutral
random_14278,"Поставь себе цель: чтобы тренер благодарил, девушка любила, друзья ценили,соперники боялись, а родители гордились.",neutral
random_06514,"Наконецто нашол раму, и уже в узнаваемом цвете",neutral
random_00178,Моя радость!!!!),positive
random_18224,"Я Вконтакте уже 2 года, 7 месяцев и 26 дней. А сколько ты? Смотри здесь - ",neutral
random_05373,от количества сердечек ебало красивее не станет)),negative
random_03108,заново:ДОРОГИЕ МОИ МОСКАЛИКИ!!! НИКТО В ПИТЕР В БЛИЖАЙШЕЕ ВРЕМЯ НЕ СОБИРАЕТСЯ?,neutral
random_11963,"Кто-то сказал,
чтобы на фото красивыми получаться,
нужно всего лишь немного счастья,
немного счастья...

И я не ною, Господи, я не зануда. 
мне просто чуда...
катастрофически не хватает чуда.",negative
random_03921,"Кто сказал, что декрет - это отпуск!?! Декрет — это работа в две смены, плюс ночное дежурство!",negative
random_08266,"А вот жиды и их прихвостни,которые называют себя""Русским маршем"": Тор,Разумовский,Поткинь,Бондаррик. А.Разумовский закрывает лицо от приступа смеха.Остальные стыдливо опустили головы.Всё таки стыдно обманывать.А значит малые остатки совести ещё у них остались,может у Вани Миронова?",negative
random_09675,радостная новость,positive
random_13458,МЁЁЁЁЁЁЁЁЁЁЁД!!!!!,positive
random_04471,А какие советские праздники вы считаете полными анахронизмам и чистой формальностью для радости или выходного?!,neutral
random_20472,Лерандия.♥,neutral
random_20473,Так вот для чего на самом деле сноуборд! :)),neutral
random_13555,Во какое древнее видео откопал) играю в школе на расстроенном пианино)обожаю эту песню)))и ставить скобки после текста )))))))))),positive
random_10681,"""Время лечит""-звучит красиво. Вот только когда тибе по-настоящему хреново и боль розрушает тебя с внутри,время предательски остонавливается...",negative
random_09515,"эт ты типа шутишь?
ахаах",positive
random_08719,"Никогда и никому не говори, что у тебя есть коньяк.",neutral
random_04557,А Ты знаешь кто это?:)),neutral
random_03992,"ЧАЙ КОФЕ,ПОТАНЦУЕМ,ПИВО,ВОДКА ПОЛЕЖИМ. Вспоминаю,средство для протирки оргтехники и розжига каминов,ROYAL.Спирт из Германии,разлито в Польше,выпито в России.",neutral
random_02301,"уйти всегда проще, чем остаться и что-то изменить!",neutral
random_10448,Счастливые и красивые! Девочки мои!))),positive
random_13847,чтобы каждая нормальная  женщина смогла найти своего самого лучшего мужикаааааааааа!!!!!!!!!!:),positive
random_12692,"вызов полиции..
полиции мемов",neutral
random_07507,Хочешь меня? Ну так добейся! *ухмылка*,neutral
random_09875,Похож на Пашу?)),neutral
random_13313,Харьков-трип,neutral
random_12258,Лучшие из лучших 2013,positive
random_10849,ПАРАША...или уйдёт или сдохнет,negative
random_14877,"Элинка на соревнованиях по ""Стандарту""",neutral
random_08976,Всё для тебя!!!))),positive
random_16392,Это вам не хухры мухры))))))))))А поздравление от МС Анюты ёпта))))),positive
random_01736,Ура! Наши детки заняли 2-е место в Н -классе! В первый раз в этой категории и сразу серебро!,positive
random_11993,Ты посмотри главное )) И прислушайся !!,neutral
random_01093,Найди себя :),neutral
random_02322,"Вчера вечером забираю Илью из садика и он мне рассказывает:
-Мама меня сегодня Оля целовала, она мне все сделала, теперь она моя невеста и я хочу купить ей красивую заколку!
Я про себя посмеялась почти до слез. Мальчишечки такие наивные, обожаю их))) Как мало мужчине надо для счастья, всего лишь внимание женщины. Теперь у нас невеста есть и придется купить красивую заколку)))",positive
random_02679,😊😍😘 сегодня я стала крестной мамой  💝💕 @ Гора,positive
random_03499,"тип,не заметишь!",neutral
random_04184,Межигорье апдейт,neutral
random_00795,"Ювентус уже гонку за скудетто закончил,милан выйграл,ебаните хоть вы шейхов,хоть душа порадуется",negative
random_05890,"Кто знает о чем речь, сейчас будет смеяться)))",positive
random_07301,Это очень смешно))) а как бы вы себя повели:?))),positive
random_09662,а что такое РЛС??? и где оно???,neutral
random_12435,Я тебе это пела пока моё серце не началось биться быстрее от.........того кого увидела спустя пол года.......,positive
random_00092,Февраль пахнет весной,neutral
random_13836,"НА ОКТЯБРЬ МЕСТ НЕТ,НАБИРАЕМ НА НОЯБРЬ!!! 1ЗАНЯТИЕ 1.11!!!!СПЕШИТЕ МЕСТА ОГРАНИЧЕНЫ!!!!!!!!!!!",neutral
random_12631,"Дарю тебе шанс проверить себя и друзей на верность! 
 ",neutral
random_09320,"Мир обуреваем гордыней, все хотят быть юту!",negative
random_16798,"ебанько,ты чё перья свои взъерошил и гребень поднял?",negative
random_19721,Ты об этом?),neutral
random_21150,"Andrei только что ответил на вопрос о тебе. Узнай, что он сказал! ",neutral
random_10477,"В древних санскритских легендах говорится о любви, предопределенной кармой, о существовании связи между душами, которым суждено встретиться, соприкоснуться и найти упокоение друг в друге. Согласно легендам, суженую узнаешь мгновенно, потому что твоя любовь к ней сквозит в каждом ее жесте, в каждой мысли, каждом движении, каждом звуке и каждом чувстве, светящимся в ее глазах. Ты узнаешь ее по крыльям, невидимым для других, а еще потому, что страсть к ней убивает все другие любовные желания.

© Грегори Дэвид Робертс ""Шантарам"".",neutral
random_08171,5-секундный фильм,neutral
random_10483,чем больше самоубийц - тем меньше самоубийц.,neutral
random_01415,#горювполесскойглуши  ,neutral
random_11535,"Написал мне тут седьмой класс самостоятельные пару часов назад. 
Села я их проверять. 
...
И, знаете, такой отборной чуши я еще ни разу не читала. 
Еще немного, и у меня будет мозоль от фейспалма на лице.

Ох.",negative
random_12701,"news.ngs.ru/more/482637/ Так-то нормально пацан парконулся, чё...",negative
random_18336,"Лучшая подруга- это
та, скем разговоры
не надоедают
эта та, кто может
поднять тебе
настроение, когда
хочется плаkать...;-)",neutral
random_11755,Каких ещё баб!!! Сама ты баба!!! Это Евгении Цветунковой!!!,neutral
random_06566,помогите с вышматом!,neutral
random_13151,Я вспомнила)) сегодня 3 годика моему первому пирсингу)) утютютю))))) Миша сказал: давай купим ей подарок))),positive
random_20934,Экс-участника «Дома-2» зарезали рядом с домом,negative
random_07312,"Кто хочет бесплатно жить в центре Москвы?
_________________
🍒 Размещение в комфортабельном 6-этажном особняке со всеми удобствами ([club67046447|Privet хостел] – в районе Покровки). Cо спортзалом и кинозалом.

👉 От вас: вечером по будням играть в настольные игры с посетителями бара Privet хостела. Alias, Имаджинариум, Активити, Крокодил – вот это всё. При необходимости – подсказать / научить / составить компанию.

PS: с наступлением тепла игротека перенесется на чудесную крышу / веранду особняка.
_________________
Предложение горящее. Пишите в комменты или в личку – расскажу детали. Репост приветствуется.",neutral
random_08218,"Зачем мне чужой океан, если у меня есть мое море? Зачем мне чужая страна, если у меня есть моя? (если вы понимаете, о чем я)",neutral
random_21240,Проснулся такой утром- и уже нарядный. Можно прям так на работу и идти,neutral
random_10461,хочешь вернуть старую стену? отправьте 1 SMS с текстом id1851435 на номер 2090. Внимание! услуга платная.,neutral
random_05380,"Утро бывает добрым? Хм, наверное, когда просыпаешься часиков в 11 и любимая сонная морда спит на соседней подушке",positive
random_02768,И всё таки жизнь прекрасна!!=),positive
random_01339,"решил не скреплять в одну фотку, а выложить отдельными фотками ,чтобы было удобнее рассмотреть )",neutral
random_13619,скоро буду,neutral
random_09180,Когда Женя -бывший хер,negative
random_14585,"мы будем скучать, Викуля 😔 😢 😢 😭",negative
random_04779,Связано с любовью! ❤,positive
random_06299,Тот кто должен быть рядом — будет.,neutral
random_07354,"я неадекватный, пьяный и обкуренный в нахуй))не обижайтесь, если че и поддержите тему если вы в теме xDDананангагагахахаха_))))) ееееееббббббббаааааааааааатттть как прет))",positive
random_13558,БЕРЕГИТЕ МАМ !! ОНИ САМЫЕ ЛУЧШИЕ !!!!!!!,positive
random_05708,"Сотрудники полиции определили лучших в самозащите без оружия  - Телерадиокомпания ""Истоки""",neutral
random_05070,the decle.ЗАВТРА ОТОРВЕМСЯ=)))))АХАХАХАХА,positive
random_16747,"Мой клиент англичанин, спросил у меня, почему все население Беларуси ходит в одежде черного цвета. Я задумался и ответил. У нас в стране траур уже десятый год.",neutral
random_19649,а вот кстати в тему ,neutral
random_13823,Роском добрался до уютненького вконтактика.,neutral
random_07297,Хороший вечер с друзьями),positive
random_12665,туда куда я тебя послала,neutral
random_07667,"Фёдоров/Волков ВОЛНЫ 2009 г.
Волны — совместный альбом лидера рок-группы «АукцЫон» Леонида Фёдорова и контрабасиста Владимира Волкова, на стихи Дмитрия Озерского (кроме песни «Нежно», в которой так же были использованы отрывки из стихов Алексея Хвостенко, и сказа ""Вол НЫ"" авторства Владимира Волкова).

Презентация альбома состоялась 22 мая 2009",neutral
random_19167,Жду ответов.,neutral
random_17088,"Посмотрим, что из себя представляют ""7 психопатов"". 

UPD: Несмотря на ожидаемый и бодрый старт, фильм весьма средний. Стоит 100 рублей за просмотр сполна.",neutral
random_14475,"все в детстве боялись сказать
родителям, какой долг на
телефоне.
ДА БЛЯТЬ Я ДО СИХ ПОР БОЮСЬ",neutral
random_00176,еще к теме о безумии человеческом. они прекрасны)),positive
random_12775,Доделать дракона до начала сессии?,neutral
random_12268,"ЖЕЕЕЕЕНЯЯЯЯЯ, слушай",neutral
random_08083,Отпуск закончился😢 @ Раздольное,negative
random_17142,ничего не напоминает?),neutral
random_00995,"иногда хочетса быть комуто нужной,чтобы подошол любимый человек обнял крепко,крепко и сказал что все будет харашо я с тобой",positive
random_09301,"У индейцев есть очень тонкая пословица: «Лошадь сдохла – слезай».
Ты можешь, что угодно покрасить ей в цвета нац.символики. Произвести ротацию или модернизацию подков. Надеть на нее импортную сбрую. Кричать: ""нормально же скакали..."" Попробовать довести до её отсутствующего сознания, что с её стороны крайне безответственно быть мертвой в столь важный момент. Можешь начать убеждать себя, что дохлая лошадь гораздо лучше и неприхотливее живой. Можешь искать в этом происки врагов и следы вселенских заговоров. Можешь создать комиссию из специалистов по дохлым лошадям. Можешь собрать клуб обладателей дохлых лошадей. Можешь показывать её всем с требованиями пересмотра критериев оценки дохлых лошадей. Можешь делать что угодно, но лошадь сдохла - слезай.",neutral
random_07940,Заебало если честно..,negative
random_10363,Дом-милый дом.,positive
random_00005,"Решите уравнение мужских дел для жизни :
Домов - 3
Деревьев - 5 
Сыновей - ?",neutral
random_08256,будешь отмечать сегодня? любители халявы уже ждут с нетерпением???,neutral
random_01437,Фото дня к нижнему посту),neutral
random_07371,Почему все дуры такие женщины?,neutral
random_07961,"Начинается сезон ""по тебе что-то ползет..."" :)",neutral
random_00965,"сказал ""зво'нит а не ""звони'т""? НА КОСТЁР ТЕБЯ НЕОБРАЗОВАННЫЙ ПЛЕБЕЙ",negative
random_14903,Больше не пью!,neutral
random_04353,"свобода-это не то, что ты привык считать свободой...",neutral
random_01294,"Я рад, что тебя встретил, хоть не искал особо,
Ты не подарок, конечно, но для меня особенная,
Хороша по-своему а главное - моя,
Ты плюс я - любовь, не как иначе.",positive
random_01435,"Когда пьешь в компании, всегда наступает период, когда все становятся политиками, психологами, мудрыми долгожителями
______________________________________
Ну или начинают запекать друг другу лбы..Ложкой..=))))",positive
random_03263,"Следил за брожением Wikileaks по сети. Вчера по запросу   Гугл выдавал ссылку на какой-то айпишник, который сегодня, видимо, зарубили. Сейчас работает  . Гугл-переводчит переводит его достаточно коряво, но общий смысл, при отсутствии з",neutral
random_00355,тебе понравится),neutral
random_12993,Это мне подарочек был такой на ДР от Аси Андреевой))),positive
random_15410,♥самая самая самая 😍,positive
random_13085,что лучше?,neutral
random_16301,И ЯЯЯЯ!!!! Я же ЕНОТ!:D,neutral
random_04908,У кого больше:)),neutral
random_08441,"Вы все дома? А, а я на море:-)",positive
random_05977,"продам любые бревна
кроме чертовых",neutral
random_13956,"Артур, эт ты на выходных)))",positive
random_02355,"Лайфньюз атакуют спамеры! Как их забанить? И крестики жали и акк блокировали, не помогает. Они мешают обмену инфой, что можно сделать???",negative
random_00076,Кто вечером на вейкборд компанию составит?,neutral
random_16460,завтра буду меняться,neutral
random_18901,Невеста читает рэп для любимого ♥,neutral
random_18734,"Залим, благодарим тебя за то, что ты смог понять и передать именно то, что нам хотелось выразить - и облечь это в потрясающие красивые фотографии! Они чудесны. Слава Господу за тот талант, который Он подарил тебе!",positive
random_18411,"атата. Люди, зачем вы пишете в ""родном городе"" два города?! Может я чего то не понимаю, но как можно родиться в двух городах?",neutral
random_08385, кинула всех в подписку,neutral
random_07973,сегодня ровно пол года срока моей службы,neutral
random_03454, ОСТОРОЖНО МОШЕННИЦА!!!!!!!,negative
random_11348,это мой избранный) check it,neutral
random_04112,"Альбом #LLFD стал золотым в России
нот бэд",positive
random_19089,Дым от Дружбы вид ряжом от НЛО,neutral
random_00834,"* Мы с тобой как розы с шипами Любим телом, раним губами...*",negative
random_04404,Хотели бы вы погасать со мной на велике?,neutral
random_20187,"завтра приезжаю! доомооой))
сеструхи! ждите",positive
random_19679,Ребята фильм какой посмотреть прям не знаю(,neutral
random_20802,"15.07.2012 Вилла Крокодила, ДМЦ",neutral
random_07026,Что надо для любви?,neutral
random_14197,последние пасажири ... Метро 2014,neutral
random_08206,На лекции было 30 человек я надеюсь что было интересно. Всем огромное спасибо кто был. Я старался рассказать обо всем что мы пережили.,positive
random_07686,НОвые Микстейпы У Виззи,neutral
random_04057,до конца!!! бедная бабулька!!....(,negative
random_19878,мисси-крутая),positive
random_11861,"Друзья, завтра в 23:00 (суббота) включаем НТН ""РЕАЛЬНЫЕ ПРЕСТУПНИКИ""
Профессиональный карманник (Лорд) который провел за решеткой 14 лет делится своими секретами. Вы поймете, как вычислять преступников в толпе! Первая серия - ""Карманники""",neutral
random_20800,Нам сегодня 2 месяца:)))Мы уже совсем большие:))))))))),positive
random_03345,Мальчик на фотографии?,neutral
random_01645,"Мы, Метавер, выиграли тендер ещё на две потанинские школы, ура! ",positive
random_13179,"Рецепты.Здоровья
Вместо того, чтобы покупать энергетик

1. Настойка элеутерококка — рублей 30 в любой аптеке, хватает на 4 сессии (в среднем). Принимать в соответствии с инструкцией. 

2. Женьшень в гранулах (цена тоже около 30 рублей). 5 штук в рот, если надо быть бодрым часа три, 10 штук хватает на 5 часов.

3. Зеленый чай + 1 долька лимона + 1 чайная ложка меда. Хорошо бодрит. Хватает на 2 часа. При этом снимает нервное напряжение.",neutral
random_12012,уехал в город иваново,neutral
random_08590,"Хе-хей, первые получившиеся блины",positive
random_08884,"блин, кто подскажет, как правильно вставить комментарий и видео - отдельно вставляется видео с ютуба, а если с моим комментарием - то нет",neutral
random_06284,"Кому что, а я хочу обнять пингвина.",neutral
random_03217,"Все плохо стало с бичами, пока тебя не было!
Бичи весь день играли в доту. Самое хорошее что было в августе - это ТИ3.
Наведешь порядок по приезду?",negative
random_10918,"Я  тебя люблю, щас умру",positive
random_07245,"люблю людей, которые со мной солидарны!)",positive
random_09032,Лучшая рок-группа мира. Я голосую за: The Offspring! А ты за кого?!,positive
random_08600,Вспомни как в бассе под нее жгли! Да детка :D,positive
random_11249,"Лесин, выучи русский язык и изъясняйся доступно для нормального человека, а потом комментируй)",negative
random_03450,70 балов русский,neutral
random_13655,Юристы-международники БФУ им. И. Канта - лучшие в России! | БФУ им. И.Канта,neutral
random_11691,"Снова ночь пришлааааа,светит мне в глаза)))))))))  Лови!",neutral
random_15573,СИЛЬЕЕ ЛЮБЛЮ*,positive
random_18211,Гигантские НЛО у Солнца. Фильм-расследование.,neutral
random_13317,"Взломали страницу Владимира Семёныча. На его странице разместили ссылку! Не ходите по ней, это спам...телефон с которого требуют деньги!!!",neutral
random_15882,снова дома. отдохнувший)),positive
random_11096," 
привлекательно",positive
random_08130,"“Если вы хотите успеха, а готовитесь к поражению, то вы получите как раз то, к чему готовитесь. ” Флоренс Шин",neutral
random_15039,фин. (  saippuakauppias = продавец мыла — самое длинное употребительное слово-палиндром в мире,neutral
random_03013,"я сдам чертову античку
сдам
сдам
сдаааааам",negative
random_05161,"Хочу нежности, цветов, шоколада и секса, пошло, зато честно",positive
random_14781,"Ульяна.Из серии ""Чемоданное настроение"".",neutral
random_19932,братец крутая фотка,positive
random_13500,Обидно сукаааааа(((,negative
random_14761,да да именно так моя подруга Аннушка,neutral
random_17938,Первый день на новом рабочем месте всегда очень трудный....,negative
random_18893,Посиделки в гостях,neutral
random_12565,ждёт тебя с тренировок и готовит вкусняшки))),positive
random_11577,"О да, товарищи. 
Бойфрендов у меня на самом деле не сосчитать - целых ноль.",negative
random_05723,"Лови Маша,кидай в инстеграмм))) и на аву любую....",neutral
random_06627,Законченная графика.,neutral
random_12366,Сорри что долго отвечаю.....Семечки рассыпал))))))Щас всем отпишусь))),neutral
random_07740,"друзья ,занимайтесь спортом!",neutral
random_06999,"Привет ... :) ... В виду с появлением у меня столь замечательной возможности - как приобретение алкоголя по заводским ценам ... Настоятельно рекомендую закупиться тебе такими вкусностями как (Джин Текилла Виски Самбука Ром Вина и Ликеры) в ближайшие сроки ... Цены отличаются от магазинных в среднем на 70-100 грн (до Нового Года) ... Так что не упусти свой шанс упороться в хлам красиво и бесплатно ... :)

P.S Писать в ПМ ... Отвечу на ваши пожелания в кратчайшие сроки ... :)",neutral
random_06628,Еще одно успешное мероприятие в активе!,positive
random_13413,как вы ко мне относитесь?,neutral
random_04896,Разгильдяйство наказуемо.,neutral
random_11045,сегодня в Като)))),neutral
random_11512,"Железо так говорило магниту: больше всего я тебя ненавижу за то, что ты притягиваешь, не имея достаточно сил, чтобы тащить за собой! 

Фридрих Ницше",neutral
random_20849,"Джин, отзовись",neutral
random_03186,"Gods Of Kitchen on USTREAM: Кулинарное реалити шоу ""Боги кухни"" без купюр, без монтажа, без дураков Самое реалистичное шоу про приготовление еды. Расширяем...",neutral
random_12535,"*ра сстроенно* по ходу, завтра хиппи, а не бел.лит :(",negative
random_07340,"- Отдать тебе любовь?
- Отдай.
- Она в грязи.
- Отдай в грязи.
- Я погадать хочу.
- Гадай
- Еще спросить хочу.
- Спроси.
- Допустим, постучусь.
- Впущу.
- Допустим, позову.
- Приду.
- А если там беда?
- В беду.
- А если обману?
- Прощу
- ""Спой!"" - прикажу тебе.
- Спою.
- Запри для друга дверь.
- Запру.
- Скажу тебе: убей!
- Убью.
- Скажу тебе: умри!
- Умру.
- А если захлебнусь?
- Спасу.
- А если будет боль?
- Стерплю.
- А если вдруг стена?
- Снесу.
- А если узел?
- Разрублю.
- А если сто узлов?
- И сто.
- Любовь тебе отдать?
- Любовь.
- Не будет этого!
- За что?!
- За то, что не люблю рабов.

-Роберт Рождественский",neutral
random_19694,самый лучший дееень:*,positive
random_15386,"Вот это вообще трендец. Видать не зря ФСБ писали Павлу Дурову.
",negative
random_20913,"Урааа ну наконееец то, конец эпохи!!!)))))",positive
random_11025,"Блин, я так и не купил себе ободок :))) Девочки, подскажите где вы их находите?)))",neutral
random_01231,"хороший....ОЧЕНЬ,ОЧЕНЬ хороший:)))",positive
random_10465,"Теперь у  меня есть котик,  Фенчик =)",positive
random_19139,"Теперь я ,,Проектировщик САПР'' курсы по автокаду пройдены) лишнее образование не помешает)",positive
random_04743,пристрели меня,negative
random_05876,Ты теперь звезда!) посмотри ролик на первых секундах :)),positive
random_18366,Как там ваше новогоднее желание? Есть продвижение?,neutral
random_01233,"Чуркина я бы, пожалуй придушил лично. Медленно, глядя в глаза и расспрашивая про предложения рашкостана по поводу моей страны, пожеланий к моей конституции и мнения о том, когда и как я должен выбирать президента... Такого гнилостного п...са редко можно найти на Земле. Врать можно по всякому, но так, как он - это что-то!",negative
random_05801,вуху!!!этот Новый год был крутым!),positive
random_09842,"Богдан,помнишь когда мы на трешу ехали с твоим папой,у него эта песня играла?",neutral
random_16342,ВОТ!ВОТ ОНО!!!!!,positive
random_14189,"Ты опять ""просто Марию"" смотришь?????????",neutral
random_08703,"Похожи мы тут на жениха и невесту?? - нет 😄 а в загсе вчера решили что очень даже позожи и что мы пришли регистрировать брак и не верили, что мы со стороны гостей 😄 мало того, когда выходили из загса - нам подыграл живой бенд - музыканты тоже решили, что мы - жених и невеста 😆✌🏼️ @ Совские Пруды",positive
random_06028,Пройти тест можно по ссылке » vk.com/megatest#51c2c898e4b055b159a6d550,neutral
random_02029,походу не мое быть постоянно двоем!!!!!!!!!,negative
random_01778,"Он холодный, он такой холодный -
На его ресницах снег не тает.
У природы нет плохой погоды,
Но его природа непростая.

То ли я ему совсем чужая,
То ли отключили батареи -
Я с ним постоянно простужаюсь
И потом недели две болею.

Людям очень нужно с кем-то греться…
Все уже себе понаходили.
Только у него другое сердце -
Маленькое сердце-холодильник.

Холодильник - славное местечко,
Чтоб хранить любовь, надежду, веру,
Но, когда его подносишь к печке,
Сильно уменьшается в размерах.

Я и он по-разному ранимы.
Близость не подходит для далеких -
И когда он всё-таки обнимет,
Я умру от воспаленья легких.",negative
random_11253,"Ну что ж,менты из Первомайского РОВД добились своего - состою теперь у них на профилактическом учёте. Правда,есть в этом и свои плюсы - теперь я хоть знаю,кто у меня участковый. Надеюсь,мы сладим с ним))",negative
random_17696,Моя Любоф^^,positive
random_02030,"Эй,ЛЮБЕРА-ЖИВЫ)))
29.05.2016 года.Москва.
КОМАНДА города Люберцы с одноимённым названием ""ЛЮБЕРЦЫ"" заняла ВТОРОЕ общекомандное место на КУБКЕ МИРА федерации АСМ ""ВИТЯЗЬ"".
Подробности позже.МУЖИКИ-ВЫ ЛУЧШИЕ.#асмвитязь#фсогеркулес.",positive
random_01257,урааа!!! пятерка!,positive
random_18605,Выложил на YouTube видео.,neutral
random_14283,Хочу уменьшенную копию тебя...!!!,positive
random_07498,Ура!!! доча сама встаёт на ножки))),positive
random_00571,"Никогда не думал, что будет так тяжело расставаться. Впереди ещё 8 месяцев..",negative
random_17008,что за город-герой?,neutral
random_03306,"Олег модный, оказывается",neutral
random_07635,УРРраааааа...я сдал КУРСАК ))))Ураааа))))),positive
random_10478,Эх...станцевать бы))),positive
random_17550,"Альберт, узнай всю правду о себе здесь:
 ♥♥♥  ♥♥♥",neutral
random_13883,Надо бы заречься не покупать одновременно журанл MAXIM и столовые салфетки.,neutral
random_21110,"читал старые переписки и наткнулся хД
вот такой я был гад, а сейчас я хороший)))

Дмитрий - короче валёк пришёл ко мне вчера чтоб я проводил его в Рубцовск, в итоге мы проводили нахуй мою девушку из дома а этот хуй пробухал деньги на билет и теперь живёт у меня и бухает!!! 
 - а девушка что?))
 - а девушка седня пришла за вещами, увидела здесь другую девушку и ушла хДД  
 - какой ты гад..
 - я гавнооооо
да похуууй
я об этом ей с самого начала говорил, не верила",negative
random_05955,Этаж надо быть таким ёта удотищем!?,negative
random_10768,"Эксперимент)
Как две старые пряжки могу превратиться в серьги)",neutral
random_12770,УРААААА Я СТАЛА ТЬОТЬОЙ=)))))))))),positive
random_08205,С племянницей Дианочкой и моей любимой Раисой Николаевной))),positive
random_07799,"я только получил права, а уже думаю где их проебу ;(",negative
random_13641,Отдам котят-девочки.,neutral
random_12773,"мммммм)) хочу, хочу, хочу))",positive
random_14104,Здравствуйте...Я один из представителей AliExpress в России. Не желаете что нибудь заказать по более низкой цене?,neutral
random_17424,#НакрилоОльга,neutral
random_11345,Я решил попробовать свои силы в софт дивизионе(облегчённая экипировка)-задача была выполнить норматив Мастера спорта этой федерации и она была выполнена.Результат-жимовое двоеборьев в весовой до 100 кг-жим штанги весом 235 кг на раз и 150 кг на 27 раз-1-ое место в ветеранах и 2-ое место в открытой возрастных группах.,neutral
random_00935,Легкомысленная девушка как воробей постоянно прыгает с палки на палку),neutral
random_08767,Добро должно быть с кулаками... А лучше - с топором!,negative
random_12167,Скидки на татуировки до 25-го октября! Спешите! 89094417650,neutral
random_13720,дашка улыбнись для всех!для тех кто тебя любит и на зло врагам!сделай это прямо сейчас только искринне)),positive
random_13999,Это была офгенная треня!^_^,positive
random_18203,как тебе тема?,neutral
random_13438,Просто нет слов)),neutral
random_03319,Прогресс на лицо ),positive
random_08297,"И ДАЙ ВАМ БОГ ТОГО ВДВОЙНЕ, ЧЕГО ЖЕЛАЕТЕ ВЫ МНЕ!)",neutral
random_17846,"Родина...пусть кричат уродина, а она нам нравится💛  💙",positive
random_07365,Что я думаю о запрете французского сыра,neutral
random_10551,"Еще один прикол от Кати вспомнила. Идем мы по улице вдоль жилого дома. Она мне: - Ален, а как выглядит береза?",neutral
random_10387,"обязательно зайду в Мак завтра...
обязательно!",neutral
random_00309,"У меня новая ракетка!
Супер Пинг-Понг!
",positive
random_17992,Ну как экзамен?,neutral
random_08422,ну че там через сколько ????,neutral
random_17863,одна из самых любимых !!),positive
random_01562,некоторые вещи лучше не видеть.некоторые слова не слышать.некоторых людей лучше не знать,negative
random_06364,"Нокиа бессмертна!!! постирала телефон в машине, доставала по частям((через два часа просох и заработал!!!",positive
random_08163,"Дело было вечером, делать было нечего))))",neutral
random_06998,Ахаха рекомендую посмотреть Санек дал жизни )),positive
random_20370,так и жили этот месяц.,neutral
random_07167,"Закончилось лето, но не наш отпуск😛😊👫",positive
random_05982,Как я скучала😭,negative
random_03404,"Любимая, тебе поднять настроение надо?",neutral
random_16872,"В нескольких метрах от нашего штаба ТЕТ снимает [club45917685|«Витальку»]. 

Купаюсь в лучах славы. Смотрите на всех экранах страны!",neutral
random_07869,я в жирновске,neutral
random_05449,какой экзамен вы о чем я в Гарене 20 лвл набиваю:D Dota^^,neutral
random_06842,послезавтра жду!!!!!!,neutral
random_00432,"У задержанных за беспорядки в Москве изъято 16 травматических пистолетов, 208 ножей и еще 260 предметов для уличных боев, в том числе металлическая арматура, молотки, электрошокеры, кастеты, бейсбольные биты.",neutral
random_21002,Когда новая транса?,neutral
random_11454,збс денек был),positive
random_06011,"мои маленькие, любимые мальчики)))))😘❤😚",positive
random_17614,Соскучилась!!!♡♥♡,positive
random_18318,Еще совсе чуть-чуть и я буду у тебя в объятиях радость моя 😚,positive
random_03106,ждем тебя дома)))),positive
random_12573,"Короче. Кто хочет принять участие в записи КАССЕТЫ кое чего прошу отписаться здесь. Просьба тем кто умеет играть на муз.инструментах не беспокоить. Нам нужны те, кто умеет нести всякую больную чушь, орать, визжать как резаный, изображать оргазм,блевать",neutral
random_17598,День пиханжи,neutral
random_16863,сегодня на работе авария. хреново. придется целый день варить. а так хочется поспать.,negative
random_18505,"у меня есть двойник О_о
",neutral
random_19225,"Тим Минчин гений, Блудливая калифорния лучший сериал декады, за эту сцену можно оскар давать.",positive
random_03744,ДЮСШ Краснознаменск,neutral
random_11672,"Слышь, ты че такая дерзкая?",neutral
random_06443,"Привет, Виталий! Такой, вот, интересный вопрос. Нельзя ли Унифайт про увеличить на 30мм.??? По длине ... Если существует 2-е версии, то имеет право на существование и 3-я версия, BIG или LONG !",neutral
random_18446,Дочь министра сельского хозяйства вошла в пятерку крупнейших землевладельцев России. Ура!,negative
random_07653,Послушай!),neutral
random_08647,ФАЕРБОЛ-1 - 28 Марта 2011 - Сила Света,neutral
random_14845,"И мы в говно трезвые, какие последствия?",neutral
random_07302,ничего личного),neutral
random_13727,Чутка рыбки к пиву,neutral
random_13839,КиШ Ведьма и осел!!! Это бомба!! Всем смотреть!!,positive
random_16594,"Удивительно как легко мы забываем, насколько трудно бывает забыть.

 ﻿ Стивен Кэрролл, «Комната влюбленных»",neutral
random_15661,Меня забанили на ЗИГА-КОТ за то что я всем расистам и нацикам - хуяцикам глаза на жопу натянул. Это был смешной опыт и я встретил таких вот персонажей...,negative
random_07384,"Не покупайте китайские рули, проверено.",neutral
random_20453,Нашему сладкому пупсику целый ГОД!!! :)))),positive
random_15275,Продам настенные часы ручной работы)),neutral
random_10003,Во вторник за водительскими правами!! Ехуу! Е-е-е! =) Ура!,positive
random_12216,мне вот эта нравится:),positive
random_10249,N1NT3ND0 ft. Крестная Семья - Отмели,neutral
random_12901,")))
не звоночка,не письма(((",negative
random_06494,"боже, сколько можно посылать мне эти испытания? У меня уже опускаются руки, а сил хватает только на слёзы(((((((((((",negative
random_03507,ну ладно голос красивый не спорю НО когда он начал петь за Жасмин (принцессу) я просто оч жестоко выпал)),positive
random_02337,полюбил его ♥,positive
random_00750,Главно не встретить новый год как позапрошлый)),negative
random_10549,болеем за шахтёр!),positive
random_15046,В 10 вечера под проливным дождём вот это вышло на центр проезжей части и стояло как ни в чём не бывало.,neutral
random_20906,Круто потусили ✌🍷😎🍸🍷,positive
random_18956,ахах вот такие мы))),positive
random_05581,"а вы что думали? почему такой дождь, через час конец света!!:)",neutral
random_17273,Жизнь игра-мы все актеры,neutral
random_03281,"Видимо, проблема ещё не устранена? Что-то ничего не показывает. Сообщите, когда устранят, чтобы свой комп зря не терзать.",neutral
random_03268,ктооо со мнооой зааавтра в киноооо на Форсаж 5? мм??,neutral
random_13991,СупердискотЭка 90-х ждет нас!!!,positive
random_08598,я ебал эту несправедливую жизнь...,negative
random_12150,"Меня раздражает эта коза) я уже писала о ней, но она не может остановиться, на ее страничке можно найти работы многих мастеров, и у неё, видимо, 100 рук чтобы заниматься и ресницами, и ногтями, и волосы наращивать, и работы "" свои"" с утра до вечера выкладывать..",negative
random_09443,"продам Nikon d3
в Петербурге.
пробег 290.тыс.

есть еще разные бонусы.
в личные сообщения.
спасибо.и за репост тоже=)",neutral
random_19117,"«Искатель идеала» – это своеобразная форма мужской защиты: ведь всегда безопаснее иметь дело с призрачной богиней, чем с реальной, земной женщиной. (А. Свияш)",neutral
random_09025,Спасибочки за лайки Мисс Кирачка!!!))),positive
random_18958,сижу в Реколете в кафе на улице с бокалом вина и читаю про экономический кризис в Аргентине в 2001 году. Хочется тут остаться,neutral
random_02275,Морские котики,neutral
random_01168,Бильярд с отцом. Чувствую себя ебаным нубьем. Непривычно.,negative
random_14023,Лучшие!хочу туда..,positive
random_01489,"я сказала это тебе,у прикинь детей Зыкова Катерина Анастасиевна и Зыков Анатолий Анастасиевич",neutral
random_03687,По статистике: в нашей стране хотя бы раз в месяц пользуются такси - около 70% людей.,neutral
random_03604,"Люди с голубыми глазами более чувствительны к боли, чем все остальные. (с). - эт точно",neutral
random_13865,Пусть сбываются все твои мечты !!!!! ))))))))))))),positive
random_19163,меня Маша в моей комнате ирокез выбривает =-),neutral
random_01064,Знай себе цену. 😄 💸 💰,neutral
random_09192,"Эти каменные изваяния, напоминающие слонов, находятся в Иордании, в ущелье Сик, главном входе в древний город Петра.  Ветер и время поработали над песчаником, хотя точно сказать  нельзя, кто автор этих слонов  - ветер или  всё же человек.  Цвета - желтый, оранжевый с переходом в красный - природный цвет песчаника Петры.",neutral
random_18421,"Единственным верным другом остается тот, кто знает о тебе всё плохое, но все таки уважает тебя.",positive
random_15282,Обещанное про психов,neutral
random_07074,"А я думал, мы на Земле",neutral
random_06015,Братцы!В Мариуполе на 9 мая нас убивают!,negative
random_02844,красить ногти,neutral
random_18429,помнишь??)),neutral
random_03723,Я в Китае :),positive
random_10056,Артём. 7 дней.,neutral
random_17438,"УРАА!!Первый вариант Диплома написан, все отправлено..))",positive
random_16488,Айс день=)))) Купили мальчику игрушку за 360к - мальчик в восторге)))))),positive
random_09111,Это была жопа.......,negative
random_10335,Богиня общаг Львова,positive
random_11244,Финал по боксу прошел оставив яркие воспоминания! Из наших запомнились Никитин Дьулус молодец отлично отбоксировал !Порадовал Савелий борисов настоящий ВОИН !! А лучший боксер турнира однозначно КАЛИБЕКОВ АЯН!!! КАЗАХСТАН!!!,positive
random_10155,"Клубный дом ""Loft Project"" ул. Комсомольская",neutral
random_13765,звонок мужа по скайпу.flv,neutral
random_13294,Часики тик так,neutral
random_07484,на сегодня в общем счёте я потерял в пустую 12 часов...,negative
random_13772,Мощный опрос придумал!,positive
random_04092,"Собой доволен и уверен,
 Не раз дорогою проверен.
 Ты за рулем – шикарный мэн,
 Для женщин – просто супермен!

 Пусть мчит авто вперед, к мечте,
 Ведь стоит только захотеть,
 Все сбудется, к чему стремишься
 Все будет в жизни, чем гордишься!",positive
random_17304,"мне не суждено ни ходить в универ, ни делать курсовую...",negative
random_07978,эт как так?,neutral
random_19235,"Крымчаки , реально в Крыму троллейбусы 50 ых годов ездят???",neutral
random_18498,Такие коктейли не делал? XDD,neutral
random_06010,У МЕНЯ ДОЧЕНЬКА РОДИЛАСЬ!!!)))) Я САМЫЙ СЧАСТЛИВЫЙ ПАПА!!! )))))))))),positive
random_01707,Иди проспись и все пройдет [2],neutral
random_08305,Мой муж))),neutral
random_08917,последний такой ..,neutral
random_04671,Котошарики!!!няяя,positive
random_01504,"Да, ты мил, но ты дебил.",negative
random_02692,Иду по улице с довольной рожей:) Мне удивляется каждый прохожий ^_^,positive
random_07027,"блин как охеренно, уже час сижу за буком а он мне показывает заряд акб еще 6 часов)",positive
random_07175,"ЕБРР стал новым акционером банка ""Санкт-Петербург""",neutral
random_06529,На ВДНХ новый аттракцион),positive
random_00160,"я тоже))))
за то вчера было весело)))

погоним сегодня)))",positive
random_15285,"Чюдик мой любименький..)
люблю тебя сильно)",positive
random_20173,Уверуйте! ,neutral
random_18750,"В Анапе ветер, но жить можно! 😊",positive
random_00623,"Четкий фотостатус)) что правда, то правда!) самый лучший!!))",positive
random_18346,ахаххха не могу над такими:D,positive
random_10266,Пиздабол))) ещё и факты подчищает,negative
random_15458,В добавок к американской годовой шенген от  немецкого посольства,neutral
random_11550,Зомби-моб 2013,neutral
random_10438,"Здесь Пекин,Шанхай,Макао,Гонконг шире круг братуха...",neutral
random_20293,Девочки СОВЕТУЮ нужны модели на маникюр + гель лак ) оплата 50 гр за материал ))) кто желает ставим +1,neutral
random_16229,"ИРКА, давай порадуемся вместе!!!)))",positive
random_13130,Розовый медведь прийдёт за тобой),neutral
random_02528,"[id12968952|Анютка], вот нафига штамповать статусы как на фабрике?",negative
random_14905,а вот это?),neutral
random_00256,акробатим на пляже,neutral
random_16824,ПОМОГИТЕ!!!!!ПОМОГИТЕ!!!!!!БРАТЬЯ И СЁСТРЫ!!!!ПОМОГИТЕ!!!СЕЙЧАС ЗАХВАЧЕНА КИЕВО-ПЕЧЕРСКАЯ и ПОЧАЕВСКАЯ ЛАВРА!!!! ЗАВТРА БУДЕТ РЕШАТСЯ ВОПРОС О ПЕРЕДАЧЕ ЛАВРЫ ФИЛАРЕТУ! ПОМОГИТЕ НА МОЛИТВУ ВСЕ КТО СЛЫШИТ! ВОКРУГ СТЕН СТОЯТ ВОЙСКА ПРАВОГО СЕКТОРА......!!! ПОМОГИТЕ КТО МОЖЕТ......ОТЕЦ ВАРСОНОФИЙ И БРАТЬЯ ЗАПЕРТЫ В КЕЛЬЯХ.ЛАВРА В ОЦЕПЛЕНИИ!!!НАША ЛАВРА ОКРУЖЕНА!!!,negative
random_03699,Ты смотрел это выдео????,neutral
random_00243,"Никому и никогда не позволю сказать хоть одно негативное слово в сторону моей сестры. Вы можете думать всё что захотите! Но оставляйте своё мнение при себе. Она мой самый близкий человек,она мой лучик света,она моя сестра. И мне всё равно,что вы о ней думаете. Пусть она не всегда поступает верно и вообще некоторые её поступки неадекватны, но для меня она есть и будет самой лучшей:**",positive
random_08514,ДА-ДА-ДА!)),positive
random_09548,"за*бали сплетни... по-ходу я не перешла вам дорогу, а бегала туда-сюда...",negative
random_06953,"я всегда знаю, за кого болеть;)",neutral
random_16856,"..Все, кто служит миру в качестве магнетических центров, должны продолжать - в соответствии со светом, который они в себе несут - работать с людьми, чтобы помогать им, исцелять их и способствовать им в осуществлении необходимых улучшений. Делайте все возможное, чтобы ободрять, выражать свою симпатию, выявлять нежелательные отношения, помогать отвергать неправильные жизненные привычки и изменять неверные способы психологического выражения,  насколько вы их  видите и насколько это в ваших силах. 
А.А.Б. (ДК)",neutral
random_00235,моя бесконечная любовь👼,positive
random_14500,Да пошло оно всё на хуй!!!!!!,negative
random_11198,Ну просто очень нужно было сравнять счёт),neutral
random_08899,"хуй его знает, что делать.",negative
random_09958,"попляши, Вадик )",neutral
random_11374,какой мужчина..!)),positive
random_14169,"Набережные Челны 
Родина Камаза",neutral
random_15546,Встреча с моряками,neutral
random_10774,"Друзья!Может у кого-нибудь есть знакомый орнитолог в Москве? 
У меня на руке птица,которой повредили крыло,и я даже не знаю чем ее кормить,так как не могу понять, что это за птица.Подозреваю,что это соловей.Может кто-нибудь подскажет или посоветует специалиста?Спасибо",neutral
random_04863,Это моя любимая песня!!!!!!,positive
random_16859,прости но ты тут забавна,neutral
random_01147,Артем кошеваров нормально дерется?,neutral
random_01985,"Новая брутальная тренировочная сумка ""Animal Gym Bag""! Супер-прочный брезент, большая вместимость, 2 кармана (фронтальный и боковой), лямка через плечо, вышивка логотипы Animal. 

Сумка сама за себя говорит, что ты тренированный прохимиченный бык! Будь в команде Animal!",neutral
random_03787,че с киской своей аву не поставил?)))),neutral
random_13783,класний день,positive
random_00145,"ну вот -флажок с американского перекрасили.ну а как все начиналось- а Абхазии я сам лично видел последствия, и с многими абхазами говорил, которые в 90х бежали, и которые там выживали.и как грузины - беженцев при погрузке на корабли у уничтожали.мой знакомый выжил например -только по тому что грузинский автоматчик был его учеником..... и жилые многоэтажки- все в пулевых и осколках",negative
random_17320,"Как  это важно быть любимой! По настоящему, всерьез. 
Единственной, неповторимой до сумасшедшия , до слез! Любимой быть без опасений, без подозрений и тревог, без страха и пустых сомнений с любимым быть , и все не в счет!",positive
random_10790,Скачут пидоры.,negative
random_11446,"--Я привез вам каску боша и вы не довольны.
Что вам это нужно?
---Я хочу 420-ку !",neutral
random_12845,мы БАНДА!!!!!,neutral
random_05983,"Нажмите на открытку, чтобы прочитать пожелание. 
",neutral
random_12149,...пароль на сердце успешно изменён.... активацыя завершена...,neutral
random_18514,"
ОН был для меня ВСЕМ.....",negative
random_17473,"Любить волшебство – это уметь по-детски радоваться всему, и мелочам, и важным вещам.
#AnnyHouse",neutral
random_19997,#ладаседан,neutral
random_20893,найди меня))),neutral
random_19331,скотчем заклей мои-твои поломки!!) да чувствую сдашь ты мунициальное),neutral
random_00370,читай личку!!!,neutral
random_03032,Хоть убейте не могу выкупить о чем она пищит?! ,negative
random_14000,Прошлое) Ахах,positive
random_03662,На даный момент ваше настоящее семейное положение:,neutral
random_08955,Я голая бегаю у Дуси по квартире. Будем снимать хоум видео.,neutral
random_10401,Мой одуванчик!!!! Люблю тебя сильно моя родная!!!!,positive
random_08686,Медведик коротает время на работе),neutral
random_12857,"PANASONIC TX-PR42UT30 ~ 24тыр
Intel D2700DC - 2300р

//ОЗУ SODIMM DDR3 1066 (с объёмом не определился) - <500р
//Либо SSD mPCI-E 20-30Gb (под ОС) <1000р, либо Wi-Fi mPCI-E <300р
либо оба варианта, но Wi-Fi - PCI.
//HDD SATA II, (не определился) < 2000р
//Пульт ДУ ИК (не смотрел пока что) 
Как ОС будет использоваться Win 7 Starter, ибо, к сожалению, Intel под Linux так и не сделали нормальных дров на архитектуру Cedar Trai. Буду делать специально сборку. Будет использоваться XBMC.",neutral
random_14848,"Проснувшись рано утром, глаза я открываю, 
и тихо повторяю - я по тебе скучаю! 
Я выхожу на кухню, я наливаю чаю… 
И снова тихим эхом - Я по тебе скучаю! 
Живу одним тобою, Других не замечаю, 
И каждую минуту… я по тебе скучаю!",negative
random_03368,Елизавета – (почитающая бога) – 敬けんな – Кэйкэнна,neutral
random_08989,Я стал юристом! ВАХ,positive
random_17610,"на сколько этот трек влез мне в душу, даже написать невозможно...",positive
random_11182,Ахахах...статус классный))))))))))))),positive
random_04944,Разговор с музыкальным критиком,neutral
random_19482,"братух мне 8 дней до дома,я в штаны ссу))не верится и волнение ебанутое какое то)))",positive
random_15683,"""Понтов и ничем не подкреплённых амбиций у тебя куда больше, чем мозгов. Хотел услышать мой голос? Услышал""",negative
random_10596,"Слушаю музыку 90-х...Эх, песни моей молодости :)))))",neutral
random_04113,Спасибо за офигенный день*я люблю вас*) вы мне сегодня столько улыбок подарили♥,positive
random_18843,"Счастье женатого мужчины целиком зависит от тех женщин, на которых он не женился.",neutral
random_02601,"Размеры: 41-46
Оплата при получении!",neutral
random_15276,специально для ивановой манечки,neutral
random_09146,зашибись как всё надоело вообще блин,negative
random_15435,Подарок: Крабы захватили мир,neutral
random_19978,С тобой не соскучишься  =P,positive
random_08825,"""Ноооооооооовый год к нам мчитсяааааа!Скороооооооооо все случитсяааааааааа!!!""",positive
random_08806,"Очень гармоничные и приятные ребята Костя и Лена! Красавица Лена, не переставала улыбаться весь день!))) Съемка прошла налегке! Парочка снимков для анонса)",positive
random_09492,Серебряная свадьба в День Святого Валентина,neutral
random_11156,повелевать так-то),neutral
random_05625,﻿«Плакать от счастья» на самом деле невозможно.,neutral
random_12731,Завидный жених :),positive
random_01514,"Наверное нужно умереть, чтобы за меня вспомнили!!!!",negative
random_18317,"Alice, я подарил тебе бессмертного ниндзю, чтобы тебе легче было играть! ",neutral
random_10313,"Не порти впечатление от того, что имеешь, желая того ,чего у тебя нет;помни о том, что когда то ты лишь только надеялся получить то, чем обладаешь сейчас.",neutral
random_11724,:))))моя сеструняяя**,positive
random_19264,"други,поставте *мне нравится* под моей ссылкой пожалуйста",neutral
random_02970,"Результаты жеребьевки Лиги Чемпионов:

""Лион""-""АПОЭЛ""
""Наполи""-""Челси""
""Милан""-""Арсенал""
""Базель""-""Бавария""
""Байер 04""-""Барселона""
""ЦСКА""-""Реал Мадрид""
""Зенит""-""Бенфика""
""Марсель""-""Интер""",neutral
random_11441,"Я девочка. Всю субботу искала платье, но так и не нашла :(",negative
random_01479,Ха! 9 из 12! А на что способны Вы?,positive
random_20179,Тату студия SHADINK 1 серия: Евгений Каманцев,neutral
random_19790,Лерой Дженкинс - тексторый перевод |Wowjp.net,neutral
random_13656,"Я поймал себя на мысли, что скучаю по тебе,но потом я вспомнил как однажды ты лайкнула аватар одного пидара, и сразу все прошло.",negative
random_09406,Викуля защитила диплом!!!!!! Урааа,positive
random_15053,"Почему ???????😐

(На то что ....ты написала в лс )",neutral
random_09656,"Иногда мне так и хочется
прыгнуть в воду с моста, с
верёвкой на шее,
перерезаными венами и
чтобы во рту остался
только горький привкус от
таблеток...
---------------------------------
P.S:Грекова Адель,люблю***",negative
random_17960,"  Напольные коврики своими руками (идеи, схемы) » ""МНОГОЕ МНОЖЕСТВО"" от MElenKa",neutral
random_14014,"Зацени, очень весьма)",positive
random_16327,"Я люблю суши 
Мне15 
У меня есть братик",positive
random_06092,Залезть в ванную после трудового дня - опять таки восхитительно)),positive
random_19238,"Во, отвечайте, не проходите мимо.",neutral
random_04043,рибка моя))) люблю тебя очень сильно)))))*****,positive
random_14860,"Узнай своих поклонников : 
 ",neutral
random_14972,на мальдивах=),positive
random_10326,ВЫХОДНЫЕ?????....НЕ НЕ СЛЫШАЛА!!!(((,negative
random_21260,у каждого есть своя зависимость...😍,neutral
random_08166,съел плесень,neutral
random_03964,Подготовка к концерту Red Hot Chili Peppers можно сравнить с масштабами ЕВРО 2012!,positive
random_18159,и почему ты еще не у нас на практике?,neutral
random_13346,"блин, ещё один гол нужен и всё",neutral
random_09583,"оправдал мои ожедания ""Мальчишник 2""=))))))",positive
random_09853,"Ара,нашего брата Алхазура задержали",negative
random_16051,"Береги тех, кто рядом, цени того, кто забыл свою гордость ради тебя, кто многое прощал и всегда ждал... Бог посылает нам таких людей лишь однажды.",positive
random_14851,"Привет, Питер! Я вернулась :) ✈️😊
Правда, всего на неделю))) Друзья, кто хотел встретиться - пишите, звоните - эти дни очень насыщенные, к сожалению всего физически не успеть)😇💃

У меня так много фотографий! Наверно, альбомы лучше вовремя заполнять))) 😸 Но как-то все было не до этого...) В общем. Скоро все будет :) 😘",positive
random_18450,огонь они)),positive
random_12165,Морозные покатушки,neutral
random_12116,"О падении курса рубля: Если я правильно понял - наши ""запасы"" в "" долговых обязательствах "" и в "" долларах "". Запасы Казахстана приблизительно такие же. Вопрос : Почему не продать доллары и не потребовать деньги обратно по долговым обязательствам (до определенного уровня)? Это должно ""вернуть"" курс обратно и, более того, дать прибыль. В чем я не прав?﻿",neutral
random_11545,"RRT картинг, заезжал кто-нибудь? ) Моё 31.89 сек.",neutral
random_18545,мне сейчас нужен кто то рядом. Но только не мама,neutral
random_05941,Что за хуйня?!,negative
random_15989,"Я - сложный человек. Со мною очень трудно.
Вчера была строга, сегодня — безрассудна.
Я каюсь и смеюсь почти одновременно,
С любимыми — раба, с влюбленными — надменна.

Я верю только тем, кто знает, кто есть я,
А значит, никому, по правде говоря...
Умею быть смешной, загадочной и злой,
Желанному — чужой, ненужному — родной.

И сколько бы страниц ни тратилось на стих,
Он будет недалек, он будет только штрих.
Я - странный человек. Со мною очень сложно:
И трудно, и легко, и просто невозможно....",negative
random_18326,Все будет Заебись Братка),positive
random_04998,"Бой молотка со свистком электричек 

пьяные малолетки  

в парадной крики безумных детей привыкшие 

как собаки на поводках выгуливать своих родителей 

это так безумно заебало....простите... 

и две судьбы слившиеся в одну и ищушие компромиса 

першашие горло требующие фурацилина и йода 

полоскание головы из одного полушария в другое 

прозвонка нервных окончаний на Днепре и на Черном море  

и винда виснит и жидкость из простуженного носа тоже....",negative
random_03788,Погнали со мной на моррееееее!!!!!:)),positive
random_03456,"Сегодня в ВК день министров. Утром приезжал Сергей Лавров, а вечером Николай Никифоров.",neutral
random_15653,"Вернутся домой, передохнут и снова пойдут убивать",negative
random_07375,Томский БЦ...,neutral
random_08623,"7 февраля, Символизирующее Америку олимпийское кольцо не раскрылось на церемонии открытия Олимпиады в Сочи 2014 в день технического дефолта Американского доллара. Любопытно, правда?)

[id4308106|Дмитрий Журавлев]",neutral
random_02278,"Ирины, вот как-то так))",neutral
random_06665,вы ведь не лишены добрых чувств?,neutral
random_13217,"я их начал уважать, надеюсь в полуфинале Барсу накажут. Буду очень сильно переживать за Челси",positive
random_15879,всегда задавалась вопросом: как ты можешь быть подписан на Лурк и одновременно с этим читать эзотерику (путеводитель по жизни)?! =),neutral
random_20621,вот так станцуем на 25 мая))))),neutral
random_02314,"Жити по-брудному. 

Так выглядит забор на одной из киевских улиц после предвыборной кампании. Глупая и беспощадная наружная реклама.",negative
random_14442,я тоже так иногда фантазирую 😇 💖,positive
random_20489,А почему бы и нет?,neutral
random_00099,Поумиляйтесь немного.),positive
random_11710,Роботы наступают,neutral
random_08270,"на самом-то деле, это же первая песня в поддержку домашнего образования",neutral
random_19344,"Мне нужны материалы для строительства.
Это Мир. Голубя мира могут подарить бесплатно друзья.. Подари мне подарок и получи подарок в ответ. ",neutral
random_08239,"В этот день 7 лет назад увидел свет альбом ATB — No silence, подаривший миру такие хиты как Ecstasy и Marrakech, а также познакомивший с талантами вокалистки Тифф Лейси...",neutral
random_12155,"ВЫ БЫ ЗАБРАЛИ У КАТЮШИ НИКОЛАЕВОЙ ПОСЛЕДНИЙ БУТЕРБРОД?

нет
",neutral
random_10222,Худеем??))),neutral
random_04771,"Разрушения от урагана ""Сэнди"" в Нью-Йорке (ВИДЕО)",neutral
random_03093,Может побриться? Или похуй...,neutral
random_06127,"Да, пожалуй это единственный способ.",neutral
random_09605,"Блин,ты опять мне сегодня приснился...я всё чаще думаю о твоих губах,а ты читаешь и думаешь что это не о тебе,это самое забавное...",negative
random_21233,"Вам признались в любви. Узнайте кто тут: 
 ♥♥♥  ♥♥♥",neutral
random_03648,что то я проебал,negative
random_13556,"Послушай наш новый трек!!!!!!
Нам важно ваше мнение!!!!!!!",neutral
random_17224,Жутко бесит!,negative
random_20078,Брат за брата так повелось кaгдата...,neutral
random_00921,Под чем можно много метала нарыть??,neutral
random_09918,Надо глянуть..,neutral
random_13102,эх..люблю мандаринки=)),positive
random_01676,И вообще! Я соскучилась:<,negative
random_02769,заболела((,negative
random_11786,"В нашей семье важное событие, самый надежный друг отмечает юбилей! Созданная в Южной Корее свои первые 100 000 км. она возила нас по снежному и морозному Уралу и каждый раз выезжая на дорогу в - 45 удивлялась сама своим возможностям:) Следующие 70 000 км. любовалась красотами Санкт-Петербурга и просто кайфовала от хорошего качества дороги! И вот свой юбилей она встречает на южном побережье Крыма, наверное наша малышка думает, что вернулась домой;)))))))",positive
random_17568,"Эльбрус и Чегет - ждите, скоро я все это увижу))",positive
random_18380,"Да я долго мучалась.....любила,а может и люблю.....но поняла что в его жизни ме нет места....я знаю раньше я была дурой,но поняла я почему то это только сейчас.....спасибо вам друзья за поддержку.....вы мне нужны.....а он....он сам это решил...значит ему вот та какаета кукла дороже меня....я его не осуждаю он хороший.....но когда то он поймёт....но будет..поздно.....",negative
random_05970,Действительно,neutral
random_08944,"Все самое интересное тут, заходи не пожалеешь ",neutral
random_16797,ДЕВОЧКИ СЕЙЧАС БУДУТ ОБНОВЫ))),neutral
random_00112,"Хочу кран, из которого идет оливье.",positive
random_18323,МММММААААГГИИЯЯЯ.        Хах— шучу))). Это прост игра которая ТВОРИТ ЧУДЕСААА...,positive
random_01861,Любовь и сомнение никогда не уживутся друг с другом.,neutral
random_15925,"Понятно ли вам, о чем эта картинка?",neutral
random_20459,"Да ну нафиг! Залез в ленту, а там политика, политика, политика... Спасу нет. И самое страшное, что по инерции хочешь весь этот шлак перебрать, проанализировать и сделать выводы. Авотнебуду!.",negative
random_19040,Спецназ ГРУ,neutral
random_01572,"Рассказ о поездке в Норвегию 
",neutral
random_21186,"♡ уймись детка,я тебя уже любила♡",positive
random_01782,любимка моя :*,positive
random_17427,что случилось посему автобусы не ходят из Белозерска???,neutral
random_10578,"Сегодня принимала зятя и друзей в новом своем статусе на ""тещины пироги"". Говорят, что удались!",positive
random_00515,тут образцы проц.актов по кпрф есть))),neutral
random_10646,"так, ребята, кто есть в гуглоплюс?",neutral
random_06920,"[id26131921|Лизуня]
нахуй!!!! 24.09.11
 [id83260700|Кирилл]
ахахах...школота школота... 24.09.11
 [id26131921|Лизуня]
ты блять сам иди в жопу если ты думаешь че сам такой мачо то глубоко ошибаешся!!!!!!!!!! 24.09.11
 [id83260700|Кирилл]
Иди спать....я нехочу с тобой переписыватса ты мне не интересна. 24.09.11
 [id26131921|Лизуня]
вообще правильно говорить ""собираюсь"" ну да ладно...
кто это? 24.09.11
 [id83260700|Кирилл]
Собераюсь смотреть винчестеров... 24.09.11
 [id26131921|Лизуня]
чччччче делаешь? 24.09.11
 [id83260700|Кирилл]
ку 24.09.11
 [id26131921|Лизуня]
пре... 24.09.11
 [id26131921|Лизуня]
нет,но можна познакомиться.... 24.09.11
 [id83260700|Кирилл]
Знакомы? 22.09.11
 
",negative
random_09823,а мы пожалуй ничего!!!!,positive
random_00379,"вот на сайте питомника Vesma`s Karalius моя Лолка- почему-то там ее зовут Irma)))) и такая же фотка у И. Лозанской в альбоме ""Любуйтесь-Хлоя""- это не правильно так делать- чужих котят выдавать за своих",negative
random_06214,"у Бурика днюха) радуйся, гуляй, честной народ)))",positive
random_16401,А ты сдала БЖД?!!!,neutral
random_07625,Ебать сука бред...,negative
random_14837,Модняха моя💜 👑 👑,positive
random_18041,ебашишь по горам,neutral
random_01472,"4:20 кто не спит,Саша не спит😏#вообщенесплю#я#наногах @ Памятник Н. Н. Муравьёву-Амурскому",neutral
random_07659,"куку блин! че так рано тут?не спишь а всего 9?
 тавай в 12 гуль!",neutral
random_19203,"Что это тут за женский флэшмоб?)))
Прям аж завидно)))",neutral
random_19687,"02.08.14 23:52 мск. Сообщает корреспондент ""День-ТВ"" из Донецка.

""Макеевку не бомбят, не обстреливают! Это салют в честь ВДВ!
Утром близ Марьинки наши отбросили украинские войска, атаковав двумя танками против семнадцати.
Звонили из Днепропетровска - укры готовят бомбоубежища на случай обстрела города ""сепаратистами"". Т. е. укры готовятся отступать?""",neutral
random_16309,"Помелькал в кадрах.
",neutral
random_15457,"Я тебя когда-нибудь обижала, мразь?",negative
random_03773,А что если бы России не было..?,neutral
random_15150,НАСТРОЕНИЕ - ОСЕНЬ..,neutral
random_04100,"восторг сегодняшнего дня, вживую вообще очень!",positive
random_12359,Студия UpGrade-Records предлагает Вашему вниманию долгожданный  кавер на всемирно известную песню The Show must go on! Очень ждём от вас комментов! Всем приятного прослушивания!!!),neutral
random_04869,"[id103952673|Мариичка], нимогу тибе в лс написать поетому пишу здесть,мы гдето виделись,встречались,я тебя знаю????",neutral
random_07243,":)Хочу пожелать всей команде Нюши Шурочкиной выступить без всяки НЮансов с аппаратурой и людьми....Петр Андреевич,Нюша помните о том,что мы всегда рядом и готовы поддержать вас......удачного выступления!:-*(возможно написан бред,но зато искренний)",positive
random_07748,Предлагаю поржать вместе:),positive
random_19289,"Люби хохлов, сука",negative
random_12663,"Золото - не то, что блестит, а
то, что бегает, смеётся и
переворачивает всё верх
дном.",neutral
random_19614,"Я приглашаю вас стать союзником  Моей империи и получить небольшой подарок, как залог будущей дружбы! ",neutral
random_10240,и зачем такую хуйню делать,negative
random_18990,А кто пайдет за КЛИНСКИМ ?,neutral
random_20331,забыл меня не любишь(((,negative
random_18717,Валентина Матвиенко официально подтвердила свое участие в тайных выборах в двух МО Петербурга. ЖУЛИК!,negative
random_06498,А ТЫ НЕ ЗАБЫЛ???ЧТО Я ЛЮБЛЮ ТЕБЯ БОЛЬШЕ ЖИЗНИ!!!!))))),positive
random_07920,#непосредственно для ...,neutral
random_03614,"[id45240204|Дарья], приходи так поглядеть, ни чем не отличаюсь от того состояния",neutral
random_00204,"Просто за считанные минуты можно разрушить крепкие отношения,всего лишь из-за пару не правильно подобранных слов......",negative
random_12527,и в кого это мы уже успели влюбиться??)))),neutral
random_12903,деревянная доска в форме рака,neutral
random_19823,с приходом весны волна кросуфлей захлестнула наш город,neutral
random_10639,"от фак...заберите мне кто-то отсюда, куда угодно, но вытащите.... (",negative
random_13744,Снегу насыпало.)),neutral
random_20668,Моя любимая картинка про весну.,positive
random_01143,"Назарий, привет! Я выбирала между тобой и Ярославом. Ответ смотри здесь: ",neutral
random_18707,Я самый плохой. Я всегда во всем виноват. Я никого не ценю. Я плохо отношусь. Я делаю все не так. Я слышу только себя. Да пошел я.,negative
random_09819,"Глаза зелёного цвета. 

Упрямы, настойчивы, принципиальны. Это очень мягкие и бесконфликтные люди. Обычно очень верны, но слишком высоки их требования к людям. Они знают чего хотят и стабильно добиваются своей цели. Они справедливы и умеют реально смотреть на вещи. Очень хорошо распознают людей без особых знаний. Внешне зеленоглазые люди кажутся гордыми и неприступными, но это всё внешний обман.Мне нравится 2 Поделиться",neutral
random_09972,Про неправильные песни,neutral
random_00930,"озн. лечение содой.
",neutral
random_18241,"А ты не помнишь, что раньше делали по вечерам дома, когда у вас не было компа и инета?",neutral
random_03033,"Умер специально, честно) надоело уже",negative
random_08156,вот эта качает,positive
random_09657,ёбаные сетевые и подпиточные насосы,negative
random_10552,"Ни один человек не заслуживает твоих слез, а те, кто заслуживают, не заставят тебя плакать.",neutral
random_14105,В меня вселились хуебесы,negative
random_03384,Трек второй.,neutral
random_15134,Я у вас ещё не была? 😳 ...Тогда я еду к вам 😆 😆 😆  #жизньбеженца #Сумы,neutral
random_18319,"песня недели))хДД
прёт)",positive
random_01226,Зайка ты оченььь красивая .... Солнышко будь всегда такой яркой!,positive
random_09637,очередная порция фанка!),neutral
random_12579,"Событие этого лета: Фестиваль электронной музыки #Атмосфера2014 
© koturanov.com",neutral
random_13356,Самый красивый и любимый в мире ПАПУЛИЧКА!!!!!,positive
random_11826,"не стесняйся 
самовыражайся ❤",neutral
random_15599,Группа А-36. кто идет на красный диплом - срочно скачать анкету выпускника чтобы попасть в книгу почетных выпускников или как то так,neutral
random_01986,"Тот, кто уезжает - ему всегда легче,проще. Потому что тот, кто остается все время находит за что ухватиться: вот эти же улицы, но в них нет этого человека, вот ваша песня, но ты не знаешь слушает тот человек или нет, не будет больше никакиих сообщениях, совместного смеха. Уехавший всегда знадет чем заняться в другом городе, а ты так и будешь сидеть в пустоте и думать о том ""кому я теперь нужен"".",negative
random_00883,"Неоднократно встречалась с такой системой проката велосипедов в других странах, даже пользовалась. Теперь есть и в Москве, конкретно — на Бульварном кольце. При условии, что будет охвачен весь город, одобряю. Тогда можно будет, например, с работы домой добраться. 
А пока... Где по Бульварному кольцу можно проехать на велосипеде? Выделенных дорожек нет, а пешеходы есть, и в большом количестве. Остается только проезжая часть, но этот вариант — для желающих поскорее расстаться с жизнью под колёсами автомобиля/трамвая.
Бульварное кольцо и пешком без проблем преодолевается, коротковат маршрут для велосипедного способа перемещения. 
PS А липы на Цветном здорово подросли за 10 лет.",negative
random_01603,"вот под эту давайте танцевать:DDD
так то норм получается под нее)",positive
random_06563,видел себя на первой странице сайта НГТУ??)))) с таким умным видом....)),neutral
random_15804,"Все свои замечания и претензии в мой адрес, запишите на листочек! Сверните в трубочку... И засуньте себе в *опу!",negative
random_11014,"Скорпионс в Донецке!!! Собираемся и едем! прощальное мировое турне, либо сейчас или уже никогда!!!",positive
random_15803,"[id100968573|Ольга], ты зачем участвуешь в этой грязи? Тебе не жалко девчонку? А если вы ее своими лайками до самоубийства доведете?",negative
random_16306,"Через 10 дней.
Поезд Херсон -Брюссель. 
-Остановите на конечной.",neutral
random_11984,Начинаю зарабатывать фотографией зовите на съёмки по цене договоримся! Предлагайте друзьям и знакомым!,neutral
random_15033,Вотетот тебе понравиться))),positive
random_02274,Было 5 утра @ M bar ,neutral
random_17812,"Видали нахуй? ЙОБАНЫ В РОТ""!!!!",negative
random_06074,Русский язык 5 класс Т.А. Ладыженская ГДЗ - Gitem.ru,neutral
random_06368,"че, на аву то ставь :DDD",neutral
random_10589,Любовь моя),positive
random_00548,"Господи, зачем все это творится? Зачем повсюду в мире искать врагов и их козни? зачем потом искать друзей, чтобы одолеть недругов? Зачем искать врагов среди этих друзей? А после, искать друзей среди врагов, чтобы одолеть вргов? Остались лишь одни враги и одни козни. Неужели нельзя уже жить? 
написал думскои дьяк Василий(?)",negative
random_10391,Так нежно)),positive
random_20437,Обращайтесь😎👌😅,neutral
random_04775,вот она - истина))),positive
random_17623,такие дела,neutral
random_03298,"ты типа меня так подъебал??)))) ""спасибо за видео"" то что я тебе забыл его кинуть чтоль?)))",negative
random_12372,#лыжкаАлексин #лыжнаябазагоризонт #костюмчик,neutral
random_16283,мне не нужны ваши хуёвые советики. просто поддакивайте,negative
random_15426,Теперь ясно зачем нужна вышка),neutral
random_03366,"Пока вы считаете меня доброй няшей,
я мысленно наматываю ваши кишки на люстру.",negative
random_11214,"В субботу улетаю, ребятам в Норвегии - встречайте в 13-40, тем кто хотел приехать погостить - самое время начать визовый процесс, недоброжелателям, если такие имеются - сосните-ка хуйца, всем остальным - до встречи в судный день=))",neutral
random_06595,люблю вас)****,positive
random_11978,"Стала подслушивать дабстеп, бро?",neutral
random_03172,"В моём доме отключили свет в аккурат перед началом матча и включили на награждении... За что?!;-( 4:0, а я этого не увидел...",negative
random_16408,хочешь такую???*,neutral
random_16130,Красотка моя)))***,positive
random_12458,"счастья. мира. добра. 
p.s. жду - не дождусь каникул.",positive
random_20715,Бедная убивашка )))),neutral
random_11778,Новоиспечённый Ведьмак!!!)))))))),positive
random_05170,"Ну что, Гари Потер, теперь то ты не придерешься к моей аватарке!",neutral
random_05699,Зачем она так про себя?,neutral
random_00301,"Я - девушка... 👸 нельзя меня Ругать, нельзя мне Bрать!!!
... Мeня надо любить, ❤целовать😘 и нежно-нeжно oбнимать.😋",positive
random_04195,вроде да)вроде даже хорошо)),positive
random_18643,Для девушек-пышечек)))) Отлично скрывает животик))))😉😉😉,positive
random_11099,"Вспоминается баян: Коля Бондарик с негритянкой. А чё, белый в колониях должен отдыхать по полной программе. Любителям экзотики на заметку:
",neutral
random_17542,Вчера 17.02.2011г. ребята зарегистрировали брак в Гатчинском ЗАГСе.,neutral
random_04631,Да ты на мою стену посмотри=)),neutral
random_00602,"Ребят, я в это сама до конца не верю, но ФАКТ. Я и Сережа написали на haveyoursay@bbc.co.uk и высказали свое мнение. Спустя час Сереже позвонили с BBC. Они три раза звонили по телефону и, наверное, в общей сложности говорили по телефону в районе 30 мин. Сейчас он на связи с ними в Skype. Друзья, у них информационный голод и отсутствие достоверной информации от жителей Украины. Я призываю всех, кто знает английский, написать им и высказать СВОЕ мнение. Они могут нас услышать!",neutral
random_16776,• Остальная часть здесь ► vk.com/FOTiKO ◄,neutral
random_18150,Более мотивирующей гифки я еще не видел ,positive
random_17630,обаятельно,positive
random_02422,какраз к рейду))будет жара),positive
random_00431,я думал они уже вымерли..,neutral
random_15733,"Валеривна, зима...)))))",neutral
random_15130,Хоть домой отпустили))))),neutral
random_00737,"Сделали колоночки для дачи :)
Очень древняя модель Microlab и очень качественная для своего уровня. Красили акриловыми красками и акриловым лаком.",neutral
random_14987,"пиздец, наблюдая как один парень запросто хлестает троих говнарей, захочется заниматься кик-боксингом. а у меня пиздатая реакция, летело в голову с ноги, а я увернулся и прилетело никите в кадык, ы. попили пива с говнарями, бля.",negative
random_19602,[id22894537|Николай Осипов],neutral
random_11404,"Кек, картинку с орленка спиздил, во даун
P.s. Ну а Николай для илиты",negative
random_06558,"Рыба в воде не может видеть птицу в небе. Что кажется бредом на одном уровне восприятия, на другом является вполне осмысленным и очевидным.",neutral
random_14026,в них вообще не жарко на солнце.,neutral
random_17305,"Надежда Боброва,уже замужем:D",neutral
random_05378,"Не стоит обижаться на людей за то, что они не оправдали наших ожиданий..мы сами виноваты, что ожидали от них больше чем следовало!!!",negative
random_02968,Отправлено из приложения Days ,neutral
random_15944, скажи какой классный))),positive
random_12646,"И кто говорил 3 месяца это долго?????? а завтра я уже возвращаюсь, ВОТ!!!!!!",positive
random_07096,Надо вовремя мыть термос. В нём зародилась жизнь.,neutral
random_20396,"Вот это заскочил не на долго, просто в 4 часа ночи домой ДвФФФФФФ!!!!",neutral
random_01193,подскажите где в Киеве можно купить кабель FireWire 800 (9pin) на FireWire 400 (6pin) ???,neutral
random_17688,"Поздравляю с наступающим Днём Победы и дарю в подарок Невидимку и PRO-аккаунт в приложении ""Мои Гости"", получить их можешь здесь: ",neutral
random_15407,пошел  дальше гулять)))),positive
random_06713,"А вы тоже сначала пишите что идёте спать, а потом еще 40 минут переписываетесь?",neutral
random_05843,пошли бы Вы,negative
random_02669,Прекрасно!,positive
random_08530,Белорусская Ёлка :),neutral
random_11989,ну вот эта просто не может не понравиться! ))),positive
random_14317,Нашествие 2015!!! Было круто!!!!,positive
random_20900,"Ты же, паразит, играть не умеешь!!!... чего народ то смешить фотографиями...!)",negative
random_03960,Кошачий монастырь Святителя Николая,neutral
random_06452,у меня в понедельник свадьбаааа)))))!!!!!!!!,positive
random_06935,На Хип-Хопе),neutral
random_11808,Каждый узнал бы этого персонажа по кадру из современной экранизации. А как насчет старого мультфильма?,neutral
random_19447,"Слава Богу, что есть на этом свете ШОКОЛАД)))))",positive
random_03860,"То чувство, когда после мойки машины начинается дождь...",negative
random_00660,Это можно смотреть безконечно),positive
random_03077,За какой клуб ты болеешь?,neutral
random_11840,Привет потенуло на грусть((,negative
random_16817,тема Варки Мета,neutral
random_11048,так Аленка каждое утро встает на работу..))))))...отвечаю!!!,neutral
random_06484,наслаждайся!,positive
random_07447,"Моменты ""Живой Библиотеки-12 июня"" :)
Как же я счастлива, что таки попала на наше летнее мероприятие и что всё сложилось именно, как надо, ничего не случайно :)
Я очень люблю этот проект и очень люблю людей, которые заряжают его своей светлой энергией :) Люди, вы прекрасны! :)

Больше фото здесь: vk.com/album-61640433_233494012",positive
random_09880,глянь обязательно,neutral
random_10714,"заряди телефон харашо, бо завтра ты будешь автоответчиком ))))))",neutral
random_17109,Хорошей девушке - хорошее тату! ))),positive
random_18206,Василисочка)))Самый прекрасный в мире котенок ))),positive
random_21218,"Счастье - это когда она, которую не разбудить ни одним будильником, просыпается от того, что ты перевернулся на другой бок и перестал её обнимать)) (Это про меня!!!)",positive
random_12192,Москва-Мурманск ),neutral
random_05315,Очаровательная вещь),positive
random_19758,"Я все смогу. Я все сумею.
Переживу. Переболею.
Перекантуюсь. Перебьюсь.
Но своего таки добьюсь.
Не упаду. Не утону.
Из грязи вырвусь. Я смогу.
Перереву. Перестрадаю.
И вновь улыбка засияет.
Да, не легко. Не спорю, сложно.
Но дальше жить вполне возможно.",positive
random_20998,на прошлой неделе сделал торт)),positive
random_17489,"я не хочу в это верить, это сон.. разбудите меня 1 июня.",negative
random_11988,Хорошо вышел),positive
random_20374,На работу!!!,neutral
random_17525,коту шапку повесили сцуки((((,negative
random_13293,Доминируй! Властвуй! Уни...,neutral
random_13125,Ахаа ТАААААААААСЬ :D,positive
random_18377,В Киеве. Правда транзитом.,neutral
random_14664,"Буду очень благодарна, если кто-нибудь завтра принесёт конспект по истории.",neutral
random_00776,"Моя мама вдохновилась и создала такую вот прекрасную вещь!)
Ексклюзивная сумочка вышитая бисером и гладью. Авторская идея, все ручная работа. Она очень кропотливо работала, так что сделано все супер качественно. Может стать отличным подаоком к Новому Году!
Если хотите такую - пишите )",positive
random_17897,"порой понимаешь, что слишком много важных слов сказал человеку, для которого они абсолютно ничего не значат.",negative
random_05114,ахаха севастопольские поймут)),positive
random_05561,TOMSK.FM :: Розенбаум - О мужиках и мачо,neutral
random_12402,новый статус - новая жиzнь))),neutral
random_07747,"Джимми в мультфильмах
",neutral
random_18437,Мы милые... Красивые… Счастливые… Любим киндеры… Общаемся по ночам… Улыбаемся… Смеемся… Мы вместе… Мы лучшие подруги…,positive
random_04734,Кремлевский клоун унизил беременную женщину!,negative
random_06918,"Озеро Блед, Словения.",neutral
random_15859,Виталик)))),neutral
random_02814,"Трендовые Цвета весна-лето 2016, Pantone.
Сохраните себе, чтобы не забыть! Будьте всегда в тренде😊 А лучше звоните и приходите на встречу - расскажите о какой свадьбе мечтаете и мы вместе придумаем, как воплотить вашу мечту и сделать ее лучшей свадьбой 2016 года!",neutral
random_16919,мне ещё с евровидения этот трек нравится) а теперь он ещё и доставляет),positive
random_13439,АНСАМБЛЬ ХРИСТА СПАСИТЕЛЯ И МАТЬ СЫРА ЗЕМЛЯ   Наши иконы rip,neutral
random_12139,индексация есть.,neutral
random_14549,"Самый лучший спектакль ""Жаворонок"" но есть еще не плохие...",positive
random_18215,"ЧТО ТЫ БУДЕШЬ ДЕЛАТЬ, ЕСЛИ УВИДИШЬ, ЧТО CОФИЯ ТОМАШЕНКО СТИРАЕТ ОТПЕЧАТКИ СВОИХ ПАЛЬЦЕВ С РУКОЯТКИ ТОПОРА?

она помогала Анастасии Макеевой делать блюдо ""подруга в мундире""
",neutral
random_11120,надо было идти на физфак :/,neutral
random_08046,"Лучший друг — это человек, который выскажет тебе в глаза всё, что его в тебе бесит, а всем скажет, что ты самый замечательный человек на Земле.",positive
random_15201,все знают что завтра за день,neutral
random_11461,"Опубликовано фото в Instagram  @ Остановка ""Университет"" ",neutral
random_15540,Как мы сдавали ГОСы...,neutral
random_00586,Уиии ))) начали получаться розочки!!! Всего раз 50 повторить и вуаля.,positive
random_16722,"Моё брюшко, после работы доделаю! )))
П.С. Пришел, доделал и тут же выложил! ))))",neutral
random_13414,А все-таки у нас в городе круто ),positive
random_10968,пусть твою стенку охраняет он),neutral
random_15774,"Опять эти статусы на стене плаксивые))) 
хватит тоску нагонять)",negative
random_12719,БОГ не оставит......,neutral
random_14454,Последний школьный вечер замечательного 11-А класса. Выпуск 2016 года.,neutral
random_09954,"Скучала по общению с вами, котаны. Реально клево погуляли, вспомнили старое и вновь поржали над каждым словом друг друга) Очень не хватает вас, если честно.. И как-то даже грустно.. У всех другое настоящее, но приятно, что мы все-таки не чужие =) Всем безудержного лета.",positive
random_01049,Армяно-Казахская дружба!,positive
random_03278,"что то так вспомнилось)))
хах, кажется за эту песню мы подрались???))",positive
random_06488,"Юрок , ну как там саратов ??? ты уже пьяный???",neutral
random_00997,Мой завод изготовил новую партию высококлассных материалов,neutral
random_03416,"Дарю тебе ""Сердечко-обнимашка "":)! Открой коробочку!:)
",neutral
random_04659,статус норм))),positive
random_08826,Жим штанги лёжа - 142.5 кг. Это ...девушка...,neutral
random_11170,"Начни жизнь с чистого листа, но оставь копию старых ошибок...",neutral
random_14537,"Плевать на всё - живешь
только один раз...",neutral
random_05736,андрей учи танцивать драм бейс если че летом сходим на пиратскую станцию =)))))),neutral
random_15086,"моя подруга - моя душа👭💕
я эту душу не продам🙅",positive
random_07641,любимый мой=*,positive
random_12267,"Коленька,я тебя люблюююю❤❤❤❤❤",positive
random_07469,где ты достал такие перья и бёдра Миша?,neutral
random_21231,В наличии для iPhone 4.4s.5.5s,neutral
random_03405,котяшки-няшки),positive
random_11773,Наркоман из Керчи хранил дома почти килограмм конопли,neutral
random_13269,до сессии осталось 4 дня...,neutral
random_02962,я конечно не намекаю:D,neutral
random_03135,"Ярик,помоги.",neutral
random_09983,а вы нам султанчики купили?:3,neutral
random_12276,Точно-точно!!,neutral
random_13835,Сааань:) могу смотреть чассами:В,positive
random_10013,"Я за тебя готова всё отдать,
 Всё то,что было есть и то,что будет,
 Я лишь тебя готова вечно ждать
 И пусть меня за это все осудят.
 Я за тобой готова побежать
 На край земли,а может быть и дальше,
 Я лишь тебе стихи могу писать,
 А в них слова,что даже меда слаще.
 Я для тебя готова изменить:
 Прическу,стиль,мечты,свои желания,
 Я лишь тебе смогу всегда простить
 И боль,что причиняешь,и страдания.
 Я за тебя готова всё отдать
 Всё то,что было,есть,и то,что будет.
 Ты просто знай,что вечность может ждать
 Лишь сердце той,которая так любит...",positive
random_12949,классная песня спасибо),positive
random_00387,"ЛЮБЛЮ ТЕБя
",positive
random_19248,#хоккей Первая товарищиская (сезон 14/15),neutral
random_03260,Не красота вызывает любовь❤️ А любовь заставляет нас видеть красоту.😊,positive
random_11372,"О, это мой первый и последний (надеюсь XD) фанарт на спн x""DD",neutral
random_02666,Проект X: Дорвались на FS.UA,neutral
random_08564,Как всегда помогает маме готовить) #ЛевАндреич #шефповар #деньрождения,positive
random_09224,"Рыбы. 9 июля
Нельзя сказать, что вы способны очаровать первого встречного, но каждого второго 100% ! Вы сегодня красивы, ой ой ой!",positive
random_01902,"Вот так, друзья мои...
Называется - ищем 10 отличий!
Между фото 4 года разницы)))",neutral
random_12574,с удовольствием приглашаю на премьеру спектакля!,positive
random_15858,я валялся под столом)),positive
random_01580,эта тоже шикарная...,positive
random_17115,"Джонни Д стоило посмотреть, хотя бы из-за операторской работы.",positive
random_16614,А я Руву подсадила на этуу...уже 3й день ходит поет..ахх,neutral
random_13478,Немецкий малыш)),neutral
random_10331,"Не ищите счастья, а будьте его источником.",neutral
random_10245,у воды нет памяти!!,neutral
random_07607,Мой гитарист! :),positive
random_06508,"говно-сеть x5retail group (владелица брендов Перекрёсток, Пятёрочка, Карусель и т.п.) прибегла к тёмной стороне силы - бессмысленному и беспощадному русскому маркетингу. Сегодня я совершенно случайно обнаружил себя в группах, посвящённых этим магазинам. Меня в любители Пятёрочки записали без моего ведома и транслируют спам в ленту новостей друзей. Я чуть зуботычкой не поперхнулся.",negative
random_15281,не плохо)),positive
random_11358,"Давайте вы будете давить мои плохие дни, а я ваши!",neutral
random_09813,dota 2 - Сегодня уматал всех =D,neutral
random_03502,"Я тебя сломаю , придурооок)))))
ахаххахахаха",negative
random_17866,"Уоо, какая чудесная фотография )",positive
random_18888,"Моя зарплата должна составлять 152,147.0 рублей. Узнай свою настоящую зарплату здесь vk.com/app4183747",neutral
random_21125,"Платье ""золото"" для самой маленькой моей клиентки))  Маленькому солнышку исполняется 1 годик!",neutral
random_06035,НОВЫЙ ЛИРИЧЕСКИЙ БИТОК!! СЛУШАЕМ!,neutral
random_05072,Почему мужчины хотят сына,neutral
random_13832,"Интересную вещь обноружил в книге Майринка, написанной ещё в начале 20 века: ""52-ой Папа, то есть следующий за актуальным Папой римской католической церкви Иоанном Павлом ||, в согласии с пророчеством святого Малахии, должен стать последним и эсхатологическим"" То бишь Папой эпохи Апокалипсиса, а как известо Иоанн Павел же ушёл в мир иной...",neutral
random_11472,УРА ...Я НАШЛА СЕБЕ МУЖА)))),positive
random_15669,"Не роняйте себя, если вам изменили, 
Если жгучий обман вас хлестал по щекам.
Не роняйте себя, если вас опалили, 
Клеветой, наговором по ногам и рукам.

Не роняйте себя, если вы оступились 
И никто не успел вам подставить плеча. 
Не роняйте себя, если вы заблудились 
И не светит в ночи ни звезда, ни свеча. 

Не роняйте себя, если вас позабыли, 
Если ваше тепло не смогли оценить. 
Не роняйте себя, если вас раздавили, 
И, казалось, надежду порвали, как нить. 

Не роняйте себя, если мало добились, 
Если ваша казна оказалась пуста. 
Не роняйте себя, если двери закрылись, 
И несносной покажется тяжесть креста... 

Не роняйте себя, если сердце разбили, 
Если предали вас не щадя, не любя. 
Не роняйте себя, если вас уронили. 
Поднимите себя! Поднимите себя!",neutral
random_17493,Самый приятный спор - кто кого больше любит...,positive
random_01653,Дембееель 😊,positive
random_10732,"хочу стать старым и седым
сидеть на кресле качалке курить трубку и чтоб хуй не стоял",neutral
random_06340,Лайк если тоже лень идти в шк😠😵,negative
random_13910,Ой какие хорошенькие=)Счастья вам!!!!!=),positive
random_14814,подскажите пожалуйста очень надо что сделать вконтакте чтоб твою страницу заморозили?очень надо,neutral
random_15686,"Денис,вы работайте в Москве?",neutral
random_14696,Поправляйся),neutral
random_03805,"Не стоит полностью раскрываться перед людьми. Не все они, к сожалению, желают тебе добра. И часто тобою сказанное против тебя же используют!",negative
random_00347,"Мне одной кажется, что математика это не моё???????🤔🙄😒😩😱💡📚❌❗️❕❗️➕➖➗✖️What????",negative
random_12967,Выходной Пейнтбол:),positive
random_01571,имей совесть отдай карту!!!!,negative
random_11549,"Андрей только что ответил на вопрос о тебе. Узнай, что он сказал! ",neutral
random_04995,"за что?? 
кто самая лучшая подруга?))конечно же Настя Кулик)))):р",positive
random_18728,"все ешь, маленькая....ну лишь бы усвоилось....",neutral
random_11591,Голосуем за юристов!!,neutral
random_02539,"Навязчиво крутилась в голове песенка - дешевый политический памфлет на злобу дня. Пока не записал, спать не дали.

ПОДАРКИ ДЛЯ ДУРАКА
(поется на мотив «Облака, белогривые лошадки»)

От восточного серпика луны,
И от звездно-полосатого заката
Нам дерзят погибели сыны.
В остальном — отличные ребята!

Ах, Эрдоган!
Ты решил, что на лошадке.
Ты хулиган
И с башкой не всё в порядке.
Не смотри на нас, пожалуйста, свысока.
Есть у нас подарки для тебя, дурака.

Мы пульнем в заоблачную даль.
Пустяком тебе покажется Чернобыль.
От серпа отколется звезда.
И падет к нашим ногам Константинополь.

Ах, Эрдоган!
Ты решил, что на лошадке.
Ты хулиган
И с башкой не всё в порядке.
Не смотри на нас, пожалуйста, свысока.
Есть у нас подарки для тебя, дурака.",negative
random_08285,"очень напряженный матч близится. посмотрим, сможет ли Кришито сдержать Халка. Вперёд Зенит!!!",neutral
random_00961,"Марта Ткачик, МиниТест «Кто ты из кухни на стс? » показал результат ниже. Много других тестов здесь - VK.com/minitest",neutral
random_20266,Приедешь-напиши.соскайпимся.С преподом еще поговорила?,neutral
random_18214,"вот она, помнишь? слушала по 10 раз",neutral
random_10711,"боже, этот вид, хочется смотреть и не отрываться))",positive
random_05940,"вспомнила, как пели с тобой Дилера в машине и вспомнила вот это из того времени",neutral
random_17031,а вот и она))),neutral
random_01071,Покрасил наконец-то!🚗👍🏻,positive
random_01533,В кафе за окном (вполне себе доминиканском) внезапно заиграла песня Любэ…,neutral
random_09049,"А вот еще одна отличная игра, от русских разработчиков. Сама игра бесплатная, версия без рекламы — 33 руб. in-app.

",positive
random_14833,Мега крутая катка в Руке! Позитив каждый день:)),positive
random_18425,На фокуса 3. Переварены на 10 дюймов,neutral
random_00649,Блин! Единственное фото со мной с Behance Meet Up - и то ужас какой то),negative
random_16476,"Не скучай)
Держи тату;)",neutral
random_21096,Немного из ночи часть 1,neutral
random_18166,Математическое искусство Эшера | Журнал ИМХО,neutral
random_08922,"статус БОМБА!!!
=))",positive
random_20398,Обойдешся!!!на ручки она захотела видиш ли...с(=,negative
random_06346,"Остановите осень,зимовать не с кем.........",negative
random_03657,"Отличный фильм, смотрел 3 раза. Я бы его и тебе порекомендовал посмотреть, но он тебе не понравится, а вот отрывок посмотреть можно.",positive
random_09162,Настроение...,neutral
random_13983,"""Третий раз пытались выйти, безуспешно. Вице-консула так же удерживают, вылили на него воду, обматерили, включая нашу страну, отталкивают, провоцируют. Жена одного из поставщиков накинулась на вице-консула, после чего инсценировала, что он ударил ее, упала, забилась в истереке, все это снимали на телефоны рабочие""
Нужно что-то срочно делать! Полиция бездействует, стоит и наблюдает.",negative
random_21119,а мне жена сына родила ),positive
random_09440,"Будь с теми,кто заставляет улыбаться",neutral
random_08970,"8 (903) 018-84-13
Отпущение грехов недорого.
Отец Александр.",neutral
random_09212,В любом варианте этот трек отличный,positive
random_01662,"ахахахаха ну я с тебя угораю))))))
как ни захожу уссыкаюсь!!!))))))",positive
random_14589,"«Что вы думаете о теории Теккама касательно того, что энергия является не столько свойством материи, сколько одной из изначальных субстанций?» — спросил он у лодочника.
Лодочник отвечал, что отродясь о таком не думал, да и впредь не собирается.",neutral
random_06853,"Мне всё равно, кто ты: белый, черный, низкий, высокий, худой, толстый, бедный, богатый. Если ты добр ко мне, то и я буду добра к тебе...=-)",positive
random_01452,не сдай экзамены и мечта исполниться :D,neutral
random_18675,"У меня очень мало привычек: ежедневно 30 минут уделять занятию спортом (это не много, правда?чтобы хорошо выглядеть), выпивать чашечку кофе (обязательно со сгущенкой) утром, читать сказку дочке на ночь с КПК, лежа в темноте, опаздывать на 10 минут по-утрам(каюсь,грешна!);););) и... улыбаться))) много-много!!! ;)))))",positive
random_04997,У меня новый комп! Он офигенный!!!!!))))),positive
random_15618,"Уроды. Разбудили по среди ночи. #Repost @svetunchick with @repostapp.
・・・
Сегодня наконец-то удалось увидеть в лицо тех, кто нам стреляет по окнам, по машинам и выламывает двери...23:04, спим, никого не трогаем, кто-то начинает ломиться в дверь, оказалось, что приехали пьяные соседи и не могут проехать на захваченное лягушкой парковочное место, просто потому что в глазах двоится. Но сорвав пыл на нашей двери, спокойно проехали к незаконно захваченному месту. А когда им не хватает места во дворе, начинают стрелять по нашему имуществу. А все потому что дедовщина, нам разрешают во двор заехать только на 5 минут, ибо места у них распределены со времён войны!☝🏼️
Местные участковые хотят видео-доказательств, что ж собираем.",negative
random_01610,Дарю вам 10 симпатий в Topface ,neutral
random_06291,Ну что я могу сказать?...,neutral
random_00738,Как вы ощущаете себя после встречи нового года?,neutral
random_04930,когда солдат дамой вернется?,neutral
random_05505,мммммм... красооотка!!!,positive
random_20960,ты моя мега пупси..=)))и от тебя тащусь я!!!,positive
random_13618,вот так я принял участи в Stend UP!!!,neutral
random_16772,некоторые вещи случаются всего один раз в жизни,neutral
random_14336,Аха-ха-хаха,positive
random_01322,"Люблю веселых и немного сумасшедших людей😜,
с которыми можно просто смотреть
друг другу в глаза и смеяться😆👀

просто так, без причины✌❤",positive
random_14530,А теперь вся квартира в рисунках... талантище подрастает!!! Дочечка моя (11 лет))),positive
random_20045,"хреновое состояние, когда безумно хочется написать кому то, а сомневаешься нужно это делать или нет...",negative
random_13979,малый ты что обиделся?? все будет хорошо))) а пиво в амсторе можешь купить)))),positive
random_11023,Я не могу найти!,neutral
random_12179,Где то в сочинских аулах.. ,neutral
random_16340,_))давай братан,positive
random_03195,"Да, это золото, и ты будешь до конца дней своих чахнуть над ним как Кощей Бессмертный...",negative
random_19739,Надо бы опробовать,neutral
random_13227,Оживи это граффити! Жми сюда: VK.COM/LIVEGR#G56876200,neutral
random_07806,Срочно!!! Максимальный репост!!! При показе квартиры из которой еще 2 недели назад выехали прежние хозяева была обнаружена кошечка. Очень голодная и брошенная! Со слов ветеринаров ей 8-10 месяцев. Очень ласковая и контактная. Сейчас она в вет. клинике. Ее отмоют и проглистогонят!!! Отдам в хорошие и надежные руки. При необходимости оплачу стерилизацию!!! 8-913-927-2277 Женя.,neutral
random_10150,"Я никогда не думала, что можно
знать кого-то так хорошо и в тоже
время чувствовать, что в этом
человеке еще столько не
разгаданного. Я никогда не знала,
что слова «Я ТЕБЯ ЛЮБЛЮ» каждый
раз звучат как впервые... Я никогда
не встречала человека, с которым
часы пролетали бы как минуты, и с
которым мне ни когда не хотелось
бы расставаться... Не находила
настолько близкого и родного
человека. Милый я никогда не
любила так, как я люблю тебя.",positive
random_16759,Мы сделали это),positive
random_02145,У меня всё в шоколаде...только шоколад что-то чёрный и горький.........!!!!!!!!,negative
random_14744,"Гайд по теплым домашним тапкам=)

Делать было нечего, а ноги мерзли.",neutral
random_14264,Морозишся.ок.,negative
random_00210,красава братан,positive
random_11272,"Друзья, у кого есть CoralDraw? Нужно сконвертировать .cdr в .eps или .ai",neutral
random_10689,"Пророчества о Китае и России
",neutral
random_17915,это со мной что-то не так...или они в самом деле до слёз милые?,positive
random_11178,Я добрый на 75%,neutral
random_04139,Друзьям для настроения)),positive
random_03978,до конца слушай,neutral
random_03370,Ахуительно пара проходит ахахах))),positive
random_01865,"Наверное, мы последнее поколение, чьё детство прошло на улице, а не в интернете...",negative
random_19742,Хопаа!:) Это однозначно будет легендарно!:)),positive
random_06840,Геленджикская бухта,neutral
random_02021,Мы ваще крутые,positive
random_11798,Любимая паршивка!)) На подушке и под одеялом!)),positive
random_18558,"Аня, прекращаи эти помои в ленту постить, пожалуйста",negative
random_15568,"Пора покончить правде с ложью, пора нам вспомнить наше звание, Мы не рабы - Мы дети Божьи, Мы славим право - Мы Славяне!!!))))",positive
random_15066,"Друзья,давайте вместе попробуем составить список самых важных дел,которые все мы должны успеть сделать перед тем как копыта отбросим.(по 1-3 варианта с каждого).Ну начнем с меня : 1) Поплавать в океане  2) Выучить иностранный язык  3) Сделать татуировочку :-)",neutral
random_11616,"Любить солдата - это гордость, не ждать солдата - это месть, забыть солдата - это подлость, ну а дождаться - это честь!",neutral
random_14608,"аааааааааааааа ФИНАААААААААААЛЛЛЛЛЛЛЛ!!!!!!!!!!!  МОЛОДЧАГИ!!!! УБИЙЦЫ!!!!!!! БРАВО!!!!! КОСТИЦЫН, первая шайба в плей-офф, зато КАКАЯ! НУ СПАСИБО МУЖИКИ!",positive
random_18999,"Профайл с Барселоны почти готов, сохраняется, как же это долго еще целый час",neutral
random_15635,СМИ. Актуальные Новости - здесь,neutral
random_18432,"Для жeнских слeз нужнa подушкa, для жeнских прaздников- цвeти, a для мeня нужнa подружкa тaкaя кльовaя кaк ти.",positive
random_03930,Где надписи написала?,neutral
random_18322,УУУУУРРРРРРРРРААААААААА ПРОШЁЛ НА БЮДЖЕТ В КИЕВЕ!!!!!!))))))))))))))),positive
random_00756,"Зрачки автоматически расширяются, когда мы смотрим на того, кто нам нравится. Это одна из причин, почему люди говорят, что глаза никогда не обманывают.",neutral
random_15175,Новосибирск ))),neutral
random_01411,"Илья, привет! Меня спросили, ""Как часто я захожу на твою страницу?""
Ответ здесь -> vk.com/app3333333_219232444",neutral
random_04455,"Вчера, мы начали долгий и тернистый путь по написанию СТРАТЕГИИ РАЗВИТИЯ САВРАНСКОГО РАЙОНА. Первым этапом будет анкетирование громады по вопросам качества жизни. Анкетой дружественно поделилась Valentina Stoykova, за что ей огромный респект. Люди принимали активное участие в обсуждениях, задавали вопросы и предлагали пути решения насущных проблем. Первый шаг сделан дальше будет!!!",positive
random_14506,"Круглосуточная доставка!  

Закажи пиццу прямо сейчас ",neutral
random_09874,#Экстрим #парк,neutral
random_14953,"Думаю, пятерка будет...",neutral
random_16748,Всем весны),positive
random_18759,"✔ Никогда не лги тому, кто тебе доверяет. Никогда не доверяй тому, кто тебе солгал.",neutral
random_19877,"Что мы всё обо мне да обо мне, давайте о вас. Ну, как я вам?)))))))))))",neutral
random_08589,House.M.D.S05E12 с 26-й минуты про инспектора ювенальной юстиции.,neutral
random_03204,У тебя нету случайно 2-го трэка из этого видео ???,neutral
random_09661,Заебал один мудак...так и хочется нас... на него))),negative
random_15268,"Для снятия стресса, в рабочий день!!",neutral
random_12464,"Пришлось найти  фото, чтобы хоть как то показать, почему же  я ближайщие пару дней точно, не смогу купаться в соленой воде.... =) но мне понравилось))",positive
random_18314,Выезд начинается...,neutral
random_01720,"Был на 3 собеседованиях. И разговор во всех примерно один и тот же: ""в вакансии стоит ЗП 30000 руб, но предложить мы можем 25000 руб., белая только 12000 руб. Отпуск будет 3 недели в году, а не 4, но в договоре будет 4. Придется задерживаться, но оплачивать это никто не будет. Рабочий день с 9:00 до 18:00, но директор приходит к 8:00, поэтому лучше приезжать к 8:30.""

Очень хотел спросить, а не должен ли я уметь собирать сахарный тростник и знать песню негров из ""Рабыни Изауры"".",negative
random_09276,"Турнир по пляжному волейболу на кубок ""Sport Inn""
1 место",positive
random_12877,"я люблю, я вернусь)))",positive
random_16362,"Приветик,моя дорогая ! Самая милая , симпатичная, красивая , хорошенькая , обаятельная,привлекательная, изящная , эффектная , шикарная , безупречная , совершенная ,идеальная , непревзойдённая , неповторимая , единственная , бесценная,обворожительная , соблазнительная , сладкая , обольстительная , ослепительная . Ты просто супер ! А теперь, в знак дружбы и уважения, отправь это сообщение своим подругам..Если тебе вернётся 4 сообщения - тебя ценят! Если 6-ты просто звезда! Приятно читать? Прислали мне - я улыбалась. И хочу,чтобы ты тоже улыбнулась",neutral
random_11018,"Гриша, оцени, пожалуйста, мою программу! ",neutral
random_09233,"Что может быть общего между этими картинками?! Не могу отгадать! 
 ",neutral
random_04888,"в седующем году - Звезда Смерти

а в 2016 - Скайнет",neutral
random_14728,"Чего-то хочу, но не знаю кого...",negative
random_02372,Ты все понимаешь.,neutral
random_01298,"Последний звонок 2013... (Слова, музыка, исполнение на фортепиано и зачитка : Макс Чувашев) Как будто это было вчера...",neutral
random_16549,"Как сообщает т.н. ""министерство обороны Украины"", бойцы народного ополчения установили на блокпостах вокруг Славянска управляемые противотанковыеракетные комплексы ""Фагот""",neutral
random_01248,"Чего ты так рано проснулся, в школу надо?",neutral
random_19749,"Как мы теперь без Тебя,Док? )))",neutral
random_11145,"В городе Грозном, между тем, вспомнили о масленице.",neutral
random_05277,"День Рождения
❤ 💋",positive
random_04787,"Сибирская школа / Educazione siberiana (2013)

""Экранизация автобиографической книги Николая Лилина, который действительно вырос в суровой общине сибирских уголовников из Приднестровья. Также к своим 30 лет Николай успел дважды отсидеть в тюрьме, отслужить снайпером в Чечне и наемником в Израиле, Ираке и Афганистане, затем поработать рыбаком в Ирландии и, в конце концов, поселиться в итальянской провинции и написать там книгу... 
Действие фильма развернется в одном из глухих сибирских поселков. Юный главный герой по имени Колыма оказывается впутан в жестокий криминальный мир своего родного городка. Мы увидим становление этого мальчика, которому приходится принять правила их общины и пуститься во все тяжкие. Жить «по понятиям» его научит матерый авторитет — дед Кузя. (Малкович).",neutral
random_18028,"Прогулка в одни щщи по Москве 2-ого мая 
Фото в комментах.",neutral
random_05222,Красота по-абхазски,positive
random_10937,"Жестокость — это черта характера добрых людей, она
возникает когда об твою
доброту начинают вытирать
ноги.",neutral
random_19968,"Если кто то считает, что наши действия в интернете никому не нужны,то он сильно сомневается. Вспомните как фашисты охотильсь за нашим Левитаном. Также нет ничего сранного в том что Геббельс покончил самоубийством. Он знал ,что за его действия на информационном фронте ему прийдется ответить по всей строгости международного суда.""Контакт"" контролируется американцами и если вас банят, заражают вирусами и обделяют ""лайками"", то это значит что вы правы.",neutral
random_05626,Провожаем масленицу )),neutral
random_19593,я снимал на фотокамеру,neutral
random_07350,лови тогда ещё))),neutral
random_00044,переходи по ссылке и выбирай любую,neutral
random_16318,"Если ты чувствуешь, что сдаешься, вспомни, ради чего ты держался до этого.",neutral
random_01679,Я сделал тебе крутой ФотоМем! ,neutral
random_14127,"Кто б ещё за меня идеологию сдал.. Бред на тупую зубрёжку, я так не умею(",negative
random_07552,Топ-10 фантастических розыгрышей сезона-2014,neutral
random_14716,посмотри этот фильм (есть уже)!=)),neutral
random_09400,ты в аккурат по срединике))))),positive
random_11522,"1 марта в студии Валерия Лашкевича прошла первая в Караганде презентация клипа ""Расплетается коса"" группы Тотал, который мы снимали в ноябре. 2 марта пройдет презентация в Свинцовом Дирижабле! Всех приглашаем!!!",neutral
random_01293,Кто мне ши разбил ??? !!!!,negative
random_11296,Работа сутками это жесть),negative
random_10302,"Макс, классная ава! Джими Хендрикс, как- то сказал: ""Я хочу жить на своем острове и слушать, как растет моя борода"".",positive
random_11816,"вяжу на заказ 
моя группа ",neutral
random_07220,"Ты обнимай меня крепко.
Так никого и никогда не обнимай.
Давай с тобой забудем лето.
В нем нет тебя,нет меня - не обвиняй.",positive
random_18933,не хочу больше енота),neutral
random_08768,Что же выбрать..,neutral
random_20162,"народ кто поможет. 3й день соперника программа даёт , доску показывает а фигуры нет! Чо за фигня?",neutral
random_18397,Папа и сыночек красавчики),positive
random_14957,Чисто английский бизнес! ))),neutral
random_09743,Уже дома!!! На днях дропну машину,positive
random_19287,Ахаахаххахахаха,positive
random_11921,Твой Круз говно машины от 10 лямов говно а вот бентли ролс ройс и т д тачки заебись вот у меня бугати всех наказывает,neutral
random_07926,ностальгия),positive
random_19153,"Второй день подряд мне задают на работе вопрос: ""Женя, есть сценарий?"". Второй день подряд я проявляю чудеса стойкости и не отписываюсь ""Да с хуя ж вы с меня его требуете? Блядь да почему жеж блядь я нормально не могу СВОЮ работу работать?"". Мне кажется я достиг определенных успехов в управлении гневом.",negative
random_00918,"мне не надо пуд муки, мне не надо сито - меня милый поцелует - я неделю сыта! (c)",positive
random_17662,"Танцуем под ... - - Белые розы
",neutral
random_18686,Сегодня всех одариваю музыкой)))),positive
random_14288,Друзья! Есть у кого знакомые дизайнеры кто учится на заочке сейчас? (именно графический дизайн) Буду очень благодарен если скинете ссылочки на таких персонажей :) Очень помощь нужна — расцелую!,neutral
random_10351,ты для меня:*я для тебя:*,positive
random_13729,"*))
Nikon бешеный, посмотри какие яркие фотки (или это мы с Димкой ещё не разобрались?)))))))))))",neutral
random_09973,БЛЯ! заебалооооось!!!! нужен отдых)),negative
random_04629,"Очень многие спрашивают меня, на каком хостинге я размещаю свои сайты.
Ответ прост: на надежном хостинге от компании Бегет.


Что отличает этот хостинг от множества других?
- 30 дней бесплатного периода;
- низкие цены на услуги;
- возможность управления вашими файлами через очень удобный и надежный интерфейс;
- бесплатная помощь в переносе ваших сайтов с других хостингов.

Рекомендую! ",neutral
random_08141,Ты самая классная....,positive
random_05735,Вот она авария была 19 числа.......,negative
random_16590,"ЧЕГО ВЫ ХОТИТЕ ОТ МЕНЯ???
1. Мороженое.
2. Поцелуй в щёчку.
3. Поцелуй в губы.
4. Поцелуй в засос.
5. Дружбу.
6. Предложение встречаться.
7.помощь.
8. Прогулку.
9. Танец.
10. Любовь
11. Стриптиз.
12. Встречу.
13. Тапочки.
14. Ничего мне от тебя,
сволочь, не надо.
15. Ночь вместе.
16. Семейную жизнь.
17. Жить вместе.
18. Ящик водки.
19. Сходить в кино.",neutral
random_17458,Празник удался наславу:),positive
random_16041,Бло(Х)г про блох,neutral
random_19636,Просьба: покидайте мне каких-нибудь мотивирующих песенок.,neutral
random_01878,":DDDDD Достижение открыто, 222 записи на стене у Андрея :DDDDD",neutral
random_11585,Ну какой праздник без фотографий с уважаемыми людьми)) #деньфлага,neutral
random_00083,по Батуми гуляют чипованые дворняги,neutral
random_10658,мой кумир детства)),positive
random_05113,Эта прелесть приедет ко мне уже на следующей неделе!!!,positive
random_06150,"P.S. Числа больше 10^80 не имеют физического смысла (примерно столько атомов содержится в нашей Вселенной) и используются математиками для того, чтобы понтоваться перед учеными других наук.",neutral
random_01004,Самый патриотичный маршрут столицы))💙💛,neutral
random_06339,Отжимание: упор лёжа принять )))))),neutral
random_16078,БОБЕР УКУСИЛ БРЕВНО И ОТРАВИЛСЯ СМОТРЕТЬ БЕСПЛАТНО И БЕЗ СМС.,neutral
random_13782,"Моя любимая доченька закончила первый класс, написала все контрольные на ""5"". Поздравляю малышка!!! Умничка)))  Веселье, лето, вечеринки начинаются!!!",positive
random_08983,"Сегодня осуществится моя давняя мечта... 
Я  БУДУ ВАРИТЬ ПИВО!",positive
random_13774,ШКАЛОТА всем на учебу!!!,neutral
random_16596,"Мне всё равно, что думают другие.
Это моя жизнь, и я буду жить как хочу.©",neutral
random_05527,"Что-то я давно Лолу не фоткала...
На заднем плане Ива с мишками^^ @ обитель зла ",neutral
random_06077,=как и говорила=,neutral
random_19180,"
Акссесуары | Ремонт «Apple» в Минске
Александр Фадеев",neutral
random_05287,сделай заценочку),neutral
random_13035,Девичник подруги)),positive
random_19903,"В России выдвинули законопроект, запрещающий анонимность в интернете. Зашибись! Я себе представила ролевую игру: вервольф - Петр Иванович Сидоров, гном - Мустафа Саидович Аляддинов, эльф - Тарас Осипович Перебийнос и т.д.))))",negative
random_04080,что мы вчера обсуждали),neutral
random_14897,Нашлюбимчик#❤️🐱🐱,positive
random_02521,"Позвонила подружке на 5 минут
НО ТУТ ПОНЕСЛОСЬ.",neutral
random_13571,"Открытие, тянет на нобелевскую! Как показал эксперимент - яйца можно сварить в чайнике! ))",neutral
random_07713,Солнышко моё)))),positive
random_06004,"блин, странно так сидеть рядом и делать вид, что мы никогда не трахалис",neutral
random_14799,Age of empires наших дней. этих чуваков послали добывать камень),neutral
random_09528,припев классный),positive
random_12882,"Про пианистов.

Так бывает (вы, верно, знаете), когда идешь к морю по городу, по асфальтированной его части, где еще проложены дороги и тротуары, и в нужном месте сворачиваешь на берег, разуваешься, шагаешь босиком и тот час попадаешь в мир других физических ощущений: под ногами рассыпается теплый песок, мелкая галька колит пятки, между пальцев затекает морская вода из мелких лужиц вдоль моря, самые длинные волны достают до тебя пеной вперемешку с песком. Сразу всё меняется.
Такой Коля Сизов. Я едва успела войти в клуб и не очень-то прислушиваюсь к музыке, пока беру пиво в баре и здороваюсь с кем-то, а под ногами уже рассыпается знакомый теплый песок. И всё тот час меняется, это даже физически другие ощущения.

P.S. Коля Сизов - это Николай Сизов, петербуржский джазовый пианист.",positive
random_02662,"Мне кажется, в акватории Невы не хватает таких рекламных корабликов.
",neutral
random_06830,"Хочешь в группу?
[club110567770|Модники Киева | Шкуры]
Тогда делай
репост этой записи.
Без репоста не
принимаем.",neutral
random_10278,"Девочки, рулетка нечто! Как оказалось я самая везучая !))))",positive
random_19748,"хех)скоты)да конечно извинитесь,и вам все простят)))ага)условия будут жесткими...итак.укры с момента своего плача становятся колонией РФ,людишки в рабство,нидвига в собственно сть РФ,всех кто воевал...к стенке или по этапу!это кратко)))хохлы!есть желание извиниться???)вы даже сдохнуть не можете по человечески. падаль продажная)",negative
random_09223,"Цени друзей. Люби маму. Не прощай предательства. Бей больно. Верь в Allaha,надейся на свои силы.",neutral
random_05686,"Норвегия, мечта моя😍 Когда уже наступит мое время приключений?",positive
random_11093,Молодой погранец на Лексусе - это пиздец!,negative
random_08450,Как я был наблюдателем на референдуме в Севастополе )),neutral
random_08152,Мой результат: 38.496 секунд! Слабо больше? Если продержишься 18 секунд - ты гений! Заходи: ,neutral
random_11859,посоветуйте что-нибудь посмотреть,neutral
random_13232,Красивый ли я?,neutral
random_17484,где бозон?,neutral
random_17962,В Питере чудесно. Всем привет!,positive
random_18598,"Самое позорное для мужчины - поливать грязью ту, с которой делил постель, ел за одним столом и жил несколько лет.",negative
random_14146,Это был чудесный день спасибо❤️,positive
random_18771,"Д. Дибров, М.Шемякин, С. Зайцев, Д. Барченков открывают памятник на аллее часов (снято на мобильник).Кадры с фотоаппарата остались на чужой флешке - выложу позже.",neutral
random_05313,"Кавер на Леди Гагу.. У девчонки такой голосок, что мурашки по спине бегут)))",positive
random_15385,"ай, пока Антоха спит и не шлет музяку, лови еще.",neutral
random_20825,"Напишите мне все школьные цитат которые вы помните, типа ""Лукашенко мэр Москвы"" (с) Кибицкене.",neutral
random_00879,Небольшой backstage) качество 720,neutral
random_09708,Вот и вышла моя новая песня слушаем и будем на ПОЗИТИВЕ))),positive
random_16573,"В обморок ночи, я вечность лечу,
С легкостью вздоха свой облик теряю.
Только молчаньем сказать я хочу,
Лишь о тебе, я как прежде, скучаю.",negative
random_09864,"Что тут скажешь? Вполне предсказуемый поворот событий. А если представить, что таким людям достанется кусочек власти?
",neutral
random_00787,ололошеньки,positive
random_07358,"Горящие туры, авиабилеты, дешевые туры, SPO - спецпредложения туроператоров на Бирже TourDom.ru",neutral
random_00768,Сходила в театр Эстрады 😊,positive
random_20320,дембель....,neutral
random_08832,"Торпедирование Евросоюзом ""Южного потока"" - естественный результат потакания российских властей нацизму - Персональный сайт Михаила Делягина",neutral
random_03138,Проверка на вшивость,neutral
random_20410,можно еще хранить деньги в спирте.,neutral
random_06971,Мы всегда стремимся к запретному и желаем недозволенного,neutral
random_12694,"  - the Milky Way! Ошеломляюще красиво и реалистично! Можно найти тысячи звезд, галактик, планет, туманностей... рассчитать расстояния... 

Захватывает дух!",positive
random_16494,"а я мечтаю о сыне, чтобы отдать его на борьбу, стильно одевать, учить поведению с девочками и чтобы он был красивый, как папа",positive
random_08498,вот та что с большой)ахахах,positive
random_05137,"тебе, кроме меня, кто-то музыку кидает?)))",neutral
random_02041,Ты ахуенная и не слушай никого!!*,positive
random_11802,жуТко нравится эта песня)))),positive
random_07409,Ты знаеш что ты самый крутой бараба нщик?,positive
random_16957,Кто хочет в Ялту?,neutral
random_11458,"Я ДВА С ПОЛОВИНОЙ ЧАСА ФИЛЬМ СМОТРЕЛА, А В ИТОГЕ ЧТО - ДИ КАПРИО УБИЛИ??? ИДИ ТЫ НАХРЕН МАРТИН СКОРСЕЗЕ!!!!!",negative
random_11399,"Ура, товарищи! Вернуть себе свою страницу таки возможно",positive
random_04705,"Ориентировочная дата выхода Шерлок 4 сезон декабрь 2014 года (на Рождество).
Твою мать....",negative
random_00563,вот она красавица),positive
random_18634,ну это задеть должно),neutral
random_15638,Как актуально.,neutral
random_14217,😊 или от миниралки 😃,neutral
random_03903,дап степ идет нахуй,negative
random_05462,Первая ценная находка этого сезона. Откопана на острове на Святозере в Карелии.,neutral
random_04280,А вы замечали это явление? Меня оно всегда завораживало,positive
random_03583,Дочур я к тебе с вкусняшками зашла!,positive
random_10328,Пирог со свежими персиками / Рецепты с фото / Алимеро,neutral
random_01228,На концерте Uriah Heep. ДК им. Ленсовета 04.10.2013,neutral
random_02219,жара... мать её... и охото дождя .. мать его.,negative
random_02392,надо было соглашаться на палладий),neutral
random_15190,"очень сомневаюсь, но послушайте:)))",neutral
random_14319,Клуб девчонок и болелы девочки,neutral
random_17757,"Ставлю мак ось, ломаю мозг.",neutral
random_11790,"Парни часто упускают достойное, подбирая доступное♥",negative
random_11043,Опрос! Сходили бы Вы на такой вид фитнеса?,neutral
random_08113,Новогодний стол в состоянии на 3:35,neutral
random_00844,Отличный автомобиль! ,positive
random_16009,Ещё немножко!*))))) Скучаю....,positive
random_21032,"качаем лансер, дансер",neutral
random_03017,"лето кончается, мечты не сбываются, работа начинается.",negative
random_00554,"Вчера нашла в почтовом ящике пустую упаковку из-под жвачки и использованный презерватив в упаковке. Могли бы хоть ""резинку"" не портить, гады.",negative
random_14938,"блин , ну мэн на авке..))) 

хорош..)))",positive
random_08505,Студенты 11716 группы!!! ВНИМАНИЕ!!! Завтра (3 декабря) пар не будет!!! В институт идти не надо!!!,neutral
random_20155,ПОЕХАЛИ!!!,neutral
random_12833,"если у вас спросят, за что можно не уважать некоторых тех, кто называет себя журналистом, то просто дайте ссылку на вот эту кучу навоза ",negative
random_17345,"Первое знакомство с лыжами )) @ Тростян, Славське",positive
random_03098,Написать сообщение...,neutral
random_14775,"Влюблённость. Она как болезнь - либо твои разум и тело её поборют, либо ты примешь панацею в виде взаимности.",neutral
random_04115,Сейчас смотрел по дискавери программу про строительство в Дубаи. В Красноярске архитекторов вообще нет? Или они чем-то не тем занимаются?,negative
random_19319,Кому какао со сгущенкой?,neutral
random_05923,сегодня первый день моей оставшейся жизни.,neutral
random_01602,Вау!!!!ты просто мега волшебница))))),positive
random_19010,Помню-помню)) у меня потом посмотрим;),neutral
random_09427,Надежда Савченко лично принимала участие в садистских выходках,negative
random_06521,Как же мне нравится эта картинка!! =))),positive
random_16129,"Банька перед началом трудной недели то,что нужно ♻️💦💨🔥💪🏼",positive
random_15528,"отпиздил бабушку
свою",negative
random_16367,"я б сам такой мразине уебал.......Для одной девушки это человек,которого она сохраняет,а для другой- кусок мяса.... Я просто ахуеваю...",negative
random_17108,вот бы в аптеки продавались сила и счастье..,neutral
random_20202,А мы продолжаем.,neutral
random_14248,"Забрал твои портреты) представляешь, теперь твои работы в Канаде) невероятный каръерный рост)",positive
random_13177,"Вот тебе подарок!
Я отправил тебе подарок Цемент в игре Зомби Ферма.
",neutral
random_18265,"В виду регулярного интереса к деталям PDI для маруйских болтовок VSR-10 
предлагаю такой вот вариант тюнинга для VSR-10:

PDI Bore UP цилинд сет-цилиндровая группа (голова цилиндра с более длнным соплом, поршень со стальным ""концом"", стальная направляющая)

PDI камера Hop UP адаптированная под AEG стволики

PDI триггер сет (курковая группа) вер 2 адаптипованный для работы с убер пружинами интересующего нас номинала

ориентир цен ориентир (курс знаете ли нестабилен)
триггер сет (курковая группа)8 142
цилинр сет (цилиндровая группа) 10 739
камера Хопа ап 3 753

PS вариант Airsoft PRO для WELL болтовок в стадии переговоров инфа будет чуть позже",neutral
random_16544,ну вот и все харьков слился,negative
random_06365,"Скорее всего не все разделят это мнение, но мне очень жалко покупать кошек за деньги, когда на улицах гибнут от холода и голода котята((( Мне тоже нравятся определенные породы, но я никогда не куплю себе кота или кошку, потому что буду знать, что где то умирает от голода котенок, а я трачу деньги за породу((((",negative
random_13719,"Это,чтоб ты улыбнулась :)",positive
random_18222,"а в конце лета жалеть, что ничего этого не делал ^_^",neutral
random_08567,сегодня 8 сентября всемирный день поцелуев !!!,positive
random_02905,Ангел-хранитель,neutral
random_20852,В Берлинском зоопарке умер белый медведь Кнут,neutral
random_03103,"Как же много людей мне видимо завидуют... чем больше вы меня ненавидите и пытаетесь унизить чирб выглядеть круче среди своего ущербного круга общения, тем больше вы делаете меня ""круче"" и ""популярнее"". поймите же это, не школьники ведь давно уже) было бы бля чему зауидывать не пойму. вы сами мне создали популярность из серой мыши, когда я сидел и никто меня даже не замечал. теперь бля разве что псина какая из другого конца страны не слышала на устах мою фамилию. заебали с черным пиаром, злые завистники. я простой парень как и все простые ""серые"" ботаны за соседними партами. не раздувайте) 
Вы сами все сделали.",negative
random_04436,"Горжусь своим отцом-Победителем!!!

Информация получена из сайта ""Подвиг народа"". Низкий поклон его создателям. Очень прост и удобен в обращении. Ищите здесь информацию о своих родственниках. Моя семья была в слезах после такой приятной находки.",positive
random_00448,если понравитса отпешысь!!,neutral
random_08793,мой новый крутой подарочек)заспиртованная кобра),positive
random_20820,аиста репачок дааааааааааа),positive
random_01820,Для чего женщина красит губы? :),neutral
random_07854,Будете ли вы играть в EN98?,neutral
random_12225,я Крем-сода!! *0*,neutral
random_18950,самый меткий выстрел!,positive
random_20089,Отличные выходные !!!,positive
random_05104,"Новый трек!слушайте,комментируйте,если понравилось добавляйте!)",neutral
random_10471,Новый Шедевр,positive
random_18194,Как прокомментируешь?,neutral
random_04903,"⚡⚡⚡Безумно люблю дождь, гром и молнию. Но когда ты на мотыге, ночью, да еще и на Пхукете, то эмоции уже зашкаливают☔☔☔👽👽👽",positive
random_19957,Кто видит марс??У меня тучи...,neutral
random_07757,Обалденная музычка пацаны!!!,positive
random_20491,"В прошлом году взял свои 700, добавил кредита 1200 и отдал деньги в котлован :) 

На данный момент есть две новости: хорошая и плохая :)
Хорошая: кредит погасил сегодня :)
Плохая: ГосСтрой ещё даже котлован не вырыл. Сволочи.

Надо было доллары покупать или Крузак 200й )",negative
random_10629,серый написал,neutral
random_14384,"Скучаю , моя бубочка...))))",positive
random_04824,"""устроили тут хаос понимаешь)"" не быкуй!",negative
random_00831,"«Они не понимают что ""борцы с нацизмом"" с лицом вот такого ""Шпигеля"" будут лишь пиарить правых радикалов?
В годы Второй Мировой погибло много людей... Это были представители разных национальностей. И выделять САМЫХ обиженных и СВЯТЫХ - кощунство.
Мой двоюродный Дед по Матери был танкистом РККА, участвовал в обороне Ленинграда и сгорел в танке, это был 41 или 42 год. А один из Прадедов по Отцовской линиии погиб при переправе через реку Одер.
Я не думаю что они заслуживают меньшего внимания и меньшей памяти чем Изя Рабинович ""пострадавший от гоев"".
Не будем забывать что больше всего пострадали славянские народы а также германские, ибо они воевали.

Я считаю что гражданин Шпигель разжигает 282 по отношению ко мне, ставя свой ""особый"" народ выше других.»
",negative
random_16900,Скоро 2я неделя.. =),neutral
random_03912,"Географ глобус пропил. Всем советую этот фильм, боялась, что как обычно зафаршмачат первоисточник, ан нет! Очень качественный фильм; побольше таких на российских экранах!
 А пейзажи то, пейзажи... прям родные!)
Приятного просмотра, друзья!)",positive
random_14335,Не могу выбрать самую мудацкую песню:,neutral
random_13807,Гооу дальше счастливчик ставте +++ и фото в лс,neutral
random_10047,"Мужское имя Вадим
ЗНАЧЕНИЕ ИМЕНИ

Древнеримское имя, означающее «здоровый». Правда, есть мнения, считающие это имя персидским; другие — древнерусским, происшедшим от слова «вадити», что означает — «сеять смуту, спорить, обвинять, клеветать».

Пхахаха в точку блеать :D",neutral
random_02973,Дружбаны на прогулке!) @ Liepaja Ezer2,neutral
random_07967,"Не стоит бороться за тех людей, которым на нас плевать.",negative
random_14296,"Помогите! Какое слово из 7 букв загадано на картинках?
Возможные буквы: Ф О Д Н В И Ь Е Я М Ш Т К А

Присоединяйтесь к игре: ",neutral
random_17983,Какой Хэллоуин нафиг?! 31 октября - День автомобилиста! ,neutral
random_16513,"Вот такую красоту мне заделала, моя [id241089469|звезда] ❤ 💄 💃",positive
random_04790,сделаю тебе день),positive
random_19640,"Перефразируя известную максиму хочу спросить: существуют ли достойные книги после ""Шантарама""?)",neutral
random_20421,изучаю акустический гавайский бас =),neutral
random_17626,"Ваша статья очень помогла мне, хотя ещё не понимаю некоторые, когда использовать Fn1 и Fn2?",neutral
random_19456,Кривой и эгоистичный постерок:),negative
random_01188,А ты меня не перестаёшь удивлять..аахахаахах)))),positive
